Timestamp,Min_NumSecCov,Min_NumSecCovTotal,UniqueHitCount,HitCount
2025-04-11 00:00:00,266.0,4348.0,278.2,5699.6
2025-04-11 00:01:00,331.0,581823.0,338.0,678932.4
2025-04-11 00:02:00,338.0,1071058.0,340.4,1217212.0
2025-04-11 00:03:00,339.0,1599205.0,343.2,1727051.4
2025-04-11 00:04:00,343.0,2011058.0,344.2,2214029.0
2025-04-11 00:05:00,343.0,2359832.0,345.2,2619985.4
2025-04-11 00:06:00,344.0,2703061.0,345.4,3053225.6
2025-04-11 00:07:00,345.0,3037379.0,346.2,3437795.2
2025-04-11 00:08:00,345.0,3400063.0,346.4,3806095.8
2025-04-11 00:09:00,346.0,3808207.0,347.0,4189263.8
2025-04-11 00:10:00,346.0,4039009.0,347.0,4528526.0
2025-04-11 00:11:00,346.0,4495984.0,347.2,4880854.8
2025-04-11 00:12:00,346.0,4799185.0,347.4,5171068.0
2025-04-11 00:13:00,346.0,5070372.0,347.6,5455617.0
2025-04-11 00:14:00,347.0,5268849.0,347.8,5767538.6
2025-04-11 00:15:00,347.0,5505506.0,348.0,6026045.0
2025-04-11 00:16:00,347.0,5698952.0,348.0,6291525.0
2025-04-11 00:17:00,347.0,5921283.0,348.2,6534536.4
2025-04-11 00:18:00,347.0,6200002.0,348.4,6820715.4
2025-04-11 00:19:00,348.0,6518252.0,348.8,7080065.8
2025-04-11 00:20:00,348.0,6737628.0,349.2,7305453.0
2025-04-11 00:21:00,348.0,6951634.0,349.4,7597005.2
2025-04-11 00:22:00,348.0,7264394.0,349.4,7857215.4
2025-04-11 00:23:00,348.0,7478659.0,349.4,8067777.2
2025-04-11 00:24:00,348.0,7678798.0,349.4,8320566.6
2025-04-11 00:25:00,348.0,7956318.0,349.4,8574562.6
2025-04-11 00:26:00,348.0,8149541.0,349.6,8793875.0
2025-04-11 00:27:00,348.0,8354903.0,349.6,9005528.8
2025-04-11 00:28:00,348.0,8580011.0,349.6,9185749.0
2025-04-11 00:29:00,348.0,8843287.0,349.6,9436774.2
2025-04-11 00:30:00,348.0,9043432.0,349.6,9633940.4
2025-04-11 00:31:00,348.0,9250285.0,349.6,9834564.8
2025-04-11 00:32:00,348.0,9419103.0,349.8,10037328.8
2025-04-11 00:33:00,348.0,9608722.0,349.8,10251365.0
2025-04-11 00:34:00,348.0,9786783.0,349.8,10421900.0
2025-04-11 00:35:00,348.0,10010817.0,349.8,10649603.6
2025-04-11 00:36:00,348.0,10139346.0,349.8,10838393.8
2025-04-11 00:37:00,348.0,10393919.0,349.8,11059783.8
2025-04-11 00:38:00,348.0,10558158.0,349.8,11277072.6
2025-04-11 00:39:00,348.0,10742336.0,349.8,11501200.8
2025-04-11 00:40:00,348.0,10927478.0,349.8,11700217.2
2025-04-11 00:41:00,348.0,11174832.0,349.8,11911026.6
2025-04-11 00:42:00,348.0,11352426.0,350.0,12150094.8
2025-04-11 00:43:00,348.0,11468693.0,350.0,12306871.8
2025-04-11 00:44:00,348.0,11607398.0,350.0,12497564.6
2025-04-11 00:45:00,348.0,11847450.0,350.0,12679050.8
2025-04-11 00:46:00,348.0,11976385.0,350.0,12858965.2
2025-04-11 00:47:00,348.0,12208552.0,350.0,13040150.4
2025-04-11 00:48:00,348.0,12379871.0,350.0,13215910.6
2025-04-11 00:49:00,348.0,12479081.0,350.0,13403599.6
2025-04-11 00:50:00,348.0,12646046.0,350.0,13608919.2
2025-04-11 00:51:00,348.0,12810684.0,350.0,13787458.4
2025-04-11 00:52:00,348.0,12971278.0,350.0,13946931.8
2025-04-11 00:53:00,348.0,13103896.0,350.0,14125701.8
2025-04-11 00:54:00,348.0,13245692.0,350.0,14309464.2
2025-04-11 00:55:00,348.0,13449969.0,350.0,14456278.8
2025-04-11 00:56:00,348.0,13581306.0,350.0,14609138.8
2025-04-11 00:57:00,348.0,13721798.0,350.0,14769496.8
2025-04-11 00:58:00,348.0,13875187.0,350.0,14925217.8
2025-04-11 00:59:00,348.0,14054313.0,350.2,15088850.4
2025-04-11 01:00:00,348.0,14209545.0,350.2,15243212.4
2025-04-11 01:01:00,348.0,14359711.0,350.2,15390848.0
2025-04-11 01:02:00,348.0,14568368.0,350.2,15550999.0
2025-04-11 01:03:00,348.0,14698331.0,350.2,15703558.6
2025-04-11 01:04:00,348.0,14839262.0,350.2,15836492.4
2025-04-11 01:05:00,348.0,15006072.0,350.2,16030569.6
2025-04-11 01:06:00,348.0,15131000.0,350.2,16213945.0
2025-04-11 01:07:00,348.0,15354781.0,350.2,16378000.6
2025-04-11 01:08:00,348.0,15484949.0,350.2,16554886.6
2025-04-11 01:09:00,348.0,15624779.0,350.4,16701648.2
2025-04-11 01:10:00,348.0,15782921.0,350.4,16857387.8
2025-04-11 01:11:00,348.0,15882602.0,350.4,17033648.8
2025-04-11 01:12:00,348.0,16053752.0,350.4,17215208.6
2025-04-11 01:13:00,348.0,16163116.0,350.4,17359872.2
2025-04-11 01:14:00,348.0,16370531.0,350.4,17531460.0
2025-04-11 01:15:00,348.0,16488967.0,350.4,17704264.6
2025-04-11 01:16:00,348.0,16642956.0,350.4,17876306.4
2025-04-11 01:17:00,348.0,16778567.0,350.4,18024231.8
2025-04-11 01:18:00,348.0,16886298.0,350.4,18172002.2
2025-04-11 01:19:00,348.0,17022073.0,350.4,18322167.8
2025-04-11 01:20:00,348.0,17178767.0,350.4,18498319.0
2025-04-11 01:21:00,348.0,17317997.0,350.4,18645494.0
2025-04-11 01:22:00,348.0,17421211.0,350.4,18789339.6
2025-04-11 01:23:00,348.0,17584573.0,350.4,18940947.4
2025-04-11 01:24:00,348.0,17744165.0,350.4,19089748.8
2025-04-11 01:25:00,348.0,17864684.0,350.4,19272534.8
2025-04-11 01:26:00,348.0,17990358.0,350.4,19427163.4
2025-04-11 01:27:00,348.0,18194900.0,350.4,19606125.6
2025-04-11 01:28:00,348.0,18337742.0,350.4,19749232.6
2025-04-11 01:29:00,348.0,18512682.0,350.4,19901021.8
2025-04-11 01:30:00,348.0,18656574.0,350.4,20067361.4
2025-04-11 01:31:00,348.0,18859783.0,350.4,20217038.8
2025-04-11 01:32:00,348.0,19077761.0,350.4,20380220.6
2025-04-11 01:33:00,348.0,19179143.0,350.4,20529815.6
2025-04-11 01:34:00,348.0,19343404.0,350.4,20684288.2
2025-04-11 01:35:00,348.0,19532745.0,350.4,20842577.4
2025-04-11 01:36:00,348.0,19673775.0,350.4,20995675.8
2025-04-11 01:37:00,348.0,19795866.0,350.4,21151122.2
2025-04-11 01:38:00,348.0,19969187.0,350.4,21322991.6
2025-04-11 01:39:00,348.0,20071012.0,350.4,21442014.6
2025-04-11 01:40:00,348.0,20205066.0,350.4,21589929.2
2025-04-11 01:41:00,348.0,20423341.0,350.4,21744087.6
2025-04-11 01:42:00,348.0,20584206.0,350.4,21894550.8
2025-04-11 01:43:00,348.0,20704544.0,350.4,22033717.4
2025-04-11 01:44:00,348.0,20807636.0,350.4,22171657.8
2025-04-11 01:45:00,348.0,20908418.0,350.4,22322278.4
2025-04-11 01:46:00,348.0,21014885.0,350.4,22484512.2
2025-04-11 01:47:00,348.0,21140448.0,350.4,22646892.2
2025-04-11 01:48:00,348.0,21296998.0,351.0,22783200.2
2025-04-11 01:49:00,349.0,21476592.0,351.6,22950616.8
2025-04-11 01:50:00,349.0,21666416.0,351.6,23108130.8
2025-04-11 01:51:00,349.0,21801524.0,351.6,23253249.4
2025-04-11 01:52:00,349.0,21971210.0,351.6,23414628.0
2025-04-11 01:53:00,349.0,22066025.0,351.6,23536441.8
2025-04-11 01:54:00,349.0,22257240.0,351.6,23710338.8
2025-04-11 01:55:00,349.0,22349790.0,351.6,23844613.4
2025-04-11 01:56:00,349.0,22428992.0,351.6,23943613.0
2025-04-11 01:57:00,349.0,22583944.0,351.6,24098902.4
2025-04-11 01:58:00,349.0,22732278.0,351.6,24271808.0
2025-04-11 01:59:00,349.0,22828442.0,351.6,24387982.6
2025-04-11 02:00:00,349.0,22921242.0,351.6,24533985.6
2025-04-11 02:01:00,349.0,23027189.0,351.6,24660165.6
2025-04-11 02:02:00,349.0,23175891.0,351.6,24810744.4
2025-04-11 02:03:00,349.0,23305952.0,351.6,24945035.8
2025-04-11 02:04:00,349.0,23445504.0,351.6,25120952.0
2025-04-11 02:05:00,349.0,23585608.0,351.6,25246520.6
2025-04-11 02:06:00,349.0,23727215.0,351.6,25379445.2
2025-04-11 02:07:00,349.0,23889767.0,351.6,25516607.8
2025-04-11 02:08:00,349.0,24039746.0,351.6,25667236.4
2025-04-11 02:09:00,349.0,24163921.0,351.6,25790709.8
2025-04-11 02:10:00,349.0,24352312.0,351.6,25958092.2
2025-04-11 02:11:00,349.0,24500228.0,351.6,26099430.8
2025-04-11 02:12:00,349.0,24655582.0,351.6,26256011.6
2025-04-11 02:13:00,349.0,24887997.0,351.6,26411901.2
2025-04-11 02:14:00,349.0,25008420.0,351.6,26560118.0
2025-04-11 02:15:00,349.0,25096627.0,351.6,26680293.2
2025-04-11 02:16:00,349.0,25197475.0,351.6,26828805.2
2025-04-11 02:17:00,349.0,25293834.0,351.6,26951614.2
2025-04-11 02:18:00,349.0,25389043.0,351.6,27092028.6
2025-04-11 02:19:00,349.0,25495878.0,351.6,27243836.8
2025-04-11 02:20:00,349.0,25683778.0,351.6,27413156.4
2025-04-11 02:21:00,349.0,25868450.0,351.6,27568821.2
2025-04-11 02:22:00,349.0,25956489.0,351.6,27695793.2
2025-04-11 02:23:00,349.0,26096790.0,351.6,27841607.6
2025-04-11 02:24:00,349.0,26249517.0,351.6,27978498.2
2025-04-11 02:25:00,349.0,26396149.0,351.6,28127900.4
2025-04-11 02:26:00,349.0,26492769.0,351.6,28249496.2
2025-04-11 02:27:00,349.0,26606082.0,351.6,28373722.4
2025-04-11 02:28:00,349.0,26725539.0,351.6,28513742.2
2025-04-11 02:29:00,349.0,26823503.0,351.6,28656543.2
2025-04-11 02:30:00,349.0,26986787.0,351.6,28816767.4
2025-04-11 02:31:00,349.0,27126931.0,351.6,28984095.6
2025-04-11 02:32:00,350.0,27258395.0,351.8,29135001.2
2025-04-11 02:33:00,350.0,27412685.0,351.8,29300963.4
2025-04-11 02:34:00,350.0,27603719.0,351.8,29482361.8
2025-04-11 02:35:00,350.0,27811654.0,351.8,29653898.4
2025-04-11 02:36:00,350.0,27901915.0,351.8,29785840.8
2025-04-11 02:37:00,350.0,28069065.0,351.8,29940547.2
2025-04-11 02:38:00,350.0,28207141.0,351.8,30092645.6
2025-04-11 02:39:00,350.0,28351093.0,351.8,30233262.0
2025-04-11 02:40:00,350.0,28464396.0,351.8,30371781.2
2025-04-11 02:41:00,350.0,28590702.0,351.8,30518017.4
2025-04-11 02:42:00,350.0,28706660.0,351.8,30651081.2
2025-04-11 02:43:00,350.0,28836427.0,351.8,30811010.8
2025-04-11 02:44:00,350.0,28973480.0,351.8,30925846.2
2025-04-11 02:45:00,350.0,29083816.0,351.8,31062287.8
2025-04-11 02:46:00,350.0,29245219.0,351.8,31223555.6
2025-04-11 02:47:00,350.0,29383157.0,351.8,31365436.6
2025-04-11 02:48:00,350.0,29538155.0,351.8,31493153.2
2025-04-11 02:49:00,350.0,29660633.0,352.0,31637074.2
2025-04-11 02:50:00,350.0,29828019.0,352.0,31784237.2
2025-04-11 02:51:00,350.0,29943170.0,352.0,31916042.2
2025-04-11 02:52:00,350.0,30072822.0,352.0,32051501.4
2025-04-11 02:53:00,350.0,30169252.0,352.0,32174076.6
2025-04-11 02:54:00,350.0,30380665.0,352.0,32313930.8
2025-04-11 02:55:00,350.0,30473806.0,352.0,32462217.8
2025-04-11 02:56:00,350.0,30636375.0,352.0,32623951.8
2025-04-11 02:57:00,350.0,30739323.0,352.6,32761684.8
2025-04-11 02:58:00,350.0,30819257.0,352.6,32907741.4
2025-04-11 02:59:00,350.0,30980985.0,352.6,33059654.0
2025-04-11 03:00:00,350.0,31086848.0,352.6,33168961.8
2025-04-11 03:01:00,350.0,31182622.0,352.6,33321829.2
2025-04-11 03:02:00,350.0,31291106.0,352.6,33445973.6
2025-04-11 03:03:00,350.0,31460954.0,352.6,33594674.8
2025-04-11 03:04:00,350.0,31568178.0,352.6,33727242.8
2025-04-11 03:05:00,350.0,31637519.0,352.6,33841378.8
2025-04-11 03:06:00,350.0,31756430.0,352.6,33963674.4
2025-04-11 03:07:00,350.0,31866973.0,352.6,34099427.0
2025-04-11 03:08:00,350.0,31970407.0,352.6,34225141.2
2025-04-11 03:09:00,350.0,32111434.0,352.6,34344736.2
2025-04-11 03:10:00,350.0,32229542.0,352.6,34458696.4
2025-04-11 03:11:00,350.0,32369981.0,352.6,34601832.8
2025-04-11 03:12:00,350.0,32491339.0,352.6,34726577.0
2025-04-11 03:13:00,350.0,32625445.0,352.6,34869721.4
2025-04-11 03:14:00,350.0,32711745.0,352.6,35002428.6
2025-04-11 03:15:00,350.0,32854108.0,352.6,35143581.6
2025-04-11 03:16:00,350.0,32991532.0,352.6,35260146.2
2025-04-11 03:17:00,350.0,33102159.0,352.6,35392734.2
2025-04-11 03:18:00,350.0,33283164.0,352.6,35529848.8
2025-04-11 03:19:00,350.0,33408462.0,352.6,35631597.2
2025-04-11 03:20:00,350.0,33499493.0,352.6,35758679.2
2025-04-11 03:21:00,350.0,33591215.0,352.6,35865547.8
2025-04-11 03:22:00,350.0,33690582.0,352.6,36002030.0
2025-04-11 03:23:00,350.0,33852441.0,352.6,36150388.0
2025-04-11 03:24:00,350.0,34002845.0,352.6,36296702.6
2025-04-11 03:25:00,350.0,34118371.0,352.6,36441107.8
2025-04-11 03:26:00,350.0,34253465.0,352.6,36567018.4
2025-04-11 03:27:00,350.0,34422532.0,352.6,36703772.6
2025-04-11 03:28:00,350.0,34543278.0,352.8,36819195.8
2025-04-11 03:29:00,350.0,34692881.0,352.8,36937694.6
2025-04-11 03:30:00,350.0,34803745.0,352.8,37067986.4
2025-04-11 03:31:00,350.0,34939309.0,352.8,37202524.4
2025-04-11 03:32:00,350.0,35032185.0,352.8,37342347.0
2025-04-11 03:33:00,350.0,35166502.0,352.8,37484572.4
2025-04-11 03:34:00,350.0,35311258.0,352.8,37614699.4
2025-04-11 03:35:00,350.0,35430295.0,352.8,37731032.0
2025-04-11 03:36:00,350.0,35530080.0,352.8,37823380.6
2025-04-11 03:37:00,350.0,35689422.0,352.8,37959130.4
2025-04-11 03:38:00,350.0,35770847.0,352.8,38101905.0
2025-04-11 03:39:00,350.0,35855984.0,352.8,38230588.4
2025-04-11 03:40:00,350.0,35953741.0,352.8,38345798.6
2025-04-11 03:41:00,350.0,36125168.0,352.8,38485241.0
2025-04-11 03:42:00,350.0,36243832.0,352.8,38610480.4
2025-04-11 03:43:00,350.0,36336627.0,352.8,38741078.2
2025-04-11 03:44:00,350.0,36491238.0,352.8,38868293.6
2025-04-11 03:45:00,350.0,36673215.0,352.8,38993610.6
2025-04-11 03:46:00,350.0,36772901.0,352.8,39135483.2
2025-04-11 03:47:00,350.0,36900466.0,352.8,39261928.2
2025-04-11 03:48:00,350.0,37045566.0,352.8,39393397.0
2025-04-11 03:49:00,350.0,37192848.0,352.8,39512326.6
2025-04-11 03:50:00,350.0,37296224.0,352.8,39651959.0
2025-04-11 03:51:00,350.0,37363561.0,352.8,39759553.6
2025-04-11 03:52:00,350.0,37469437.0,352.8,39890212.0
2025-04-11 03:53:00,350.0,37581785.0,352.8,40024780.2
2025-04-11 03:54:00,350.0,37691838.0,352.8,40148033.6
2025-04-11 03:55:00,350.0,37860512.0,352.8,40275719.2
2025-04-11 03:56:00,350.0,37974042.0,353.2,40413756.8
2025-04-11 03:57:00,350.0,38065911.0,353.2,40548670.4
2025-04-11 03:58:00,350.0,38149140.0,353.2,40655944.0
2025-04-11 03:59:00,351.0,38296567.0,353.8,40805272.4
2025-04-11 04:00:00,351.0,38432802.0,353.8,40946175.2
2025-04-11 04:01:00,351.0,38601432.0,353.8,41084129.4
2025-04-11 04:02:00,351.0,38692227.0,353.8,41205501.0
2025-04-11 04:03:00,351.0,38818010.0,353.8,41361491.6
2025-04-11 04:04:00,351.0,38945603.0,353.8,41484694.6
2025-04-11 04:05:00,351.0,39115650.0,353.8,41645122.8
2025-04-11 04:06:00,351.0,39224333.0,353.8,41783488.8
2025-04-11 04:07:00,351.0,39318013.0,354.2,41918876.2
2025-04-11 04:08:00,351.0,39443493.0,354.2,42050112.6
2025-04-11 04:09:00,351.0,39538710.0,354.2,42181818.8
2025-04-11 04:10:00,351.0,39638388.0,354.2,42330214.4
2025-04-11 04:11:00,351.0,39801842.0,354.2,42456123.4
2025-04-11 04:12:00,351.0,39895581.0,354.2,42565906.2
2025-04-11 04:13:00,351.0,40034855.0,354.2,42678965.0
2025-04-11 04:14:00,351.0,40127820.0,354.2,42809989.2
2025-04-11 04:15:00,351.0,40249279.0,354.2,42937077.2
2025-04-11 04:16:00,351.0,40362612.0,354.2,43057060.0
2025-04-11 04:17:00,351.0,40467083.0,354.2,43212377.6
2025-04-11 04:18:00,351.0,40610559.0,354.2,43372622.0
2025-04-11 04:19:00,351.0,40664089.0,354.2,43479631.2
2025-04-11 04:20:00,351.0,40764933.0,354.2,43625011.4
2025-04-11 04:21:00,351.0,40872083.0,354.2,43755378.6
2025-04-11 04:22:00,351.0,40997658.0,354.2,43886822.6
2025-04-11 04:23:00,351.0,41154799.0,354.2,44015461.4
2025-04-11 04:24:00,351.0,41261318.0,354.2,44134355.2
2025-04-11 04:25:00,351.0,41402427.0,354.2,44282221.2
2025-04-11 04:26:00,351.0,41498571.0,354.2,44399914.0
2025-04-11 04:27:00,351.0,41605540.0,354.2,44525571.6
2025-04-11 04:28:00,351.0,41754304.0,354.2,44677806.0
2025-04-11 04:29:00,351.0,41833294.0,354.2,44810852.6
2025-04-11 04:30:00,351.0,41986370.0,354.2,44952270.6
2025-04-11 04:31:00,351.0,42169245.0,354.2,45080736.2
2025-04-11 04:32:00,351.0,42321701.0,354.2,45204671.4
2025-04-11 04:33:00,351.0,42471777.0,354.2,45320887.8
2025-04-11 04:34:00,351.0,42637427.0,354.2,45464694.2
2025-04-11 04:35:00,351.0,42738285.0,354.2,45583857.4
2025-04-11 04:36:00,351.0,42872405.0,354.2,45712649.4
2025-04-11 04:37:00,351.0,43019169.0,354.2,45857402.4
2025-04-11 04:38:00,351.0,43141083.0,354.2,45978566.0
2025-04-11 04:39:00,351.0,43245385.0,354.2,46111409.0
2025-04-11 04:40:00,351.0,43370264.0,354.2,46235969.6
2025-04-11 04:41:00,351.0,43556738.0,354.2,46375731.8
2025-04-11 04:42:00,351.0,43669575.0,354.2,46480691.0
2025-04-11 04:43:00,351.0,43838945.0,354.2,46604850.2
2025-04-11 04:44:00,351.0,43981242.0,354.2,46719187.0
2025-04-11 04:45:00,351.0,44051650.0,354.2,46829113.6
2025-04-11 04:46:00,351.0,44210857.0,354.2,46969722.0
2025-04-11 04:47:00,351.0,44307110.0,354.2,47107908.8
2025-04-11 04:48:00,351.0,44430920.0,354.2,47250532.8
2025-04-11 04:49:00,351.0,44556466.0,354.2,47404041.6
2025-04-11 04:50:00,351.0,44656376.0,354.2,47516846.6
2025-04-11 04:51:00,351.0,44756826.0,354.2,47650354.8
2025-04-11 04:52:00,351.0,44925728.0,354.2,47783263.6
2025-04-11 04:53:00,351.0,45047037.0,354.2,47904849.8
2025-04-11 04:54:00,351.0,45120682.0,354.2,48011578.2
2025-04-11 04:55:00,351.0,45220956.0,354.2,48132655.4
2025-04-11 04:56:00,351.0,45323259.0,354.2,48266183.6
2025-04-11 04:57:00,351.0,45425126.0,354.2,48387631.0
2025-04-11 04:58:00,351.0,45551643.0,354.2,48513805.2
2025-04-11 04:59:00,351.0,45695168.0,354.2,48636564.4
2025-04-11 05:00:00,351.0,45841647.0,354.2,48768180.2
2025-04-11 05:01:00,351.0,45951312.0,354.2,48875343.6
2025-04-11 05:02:00,351.0,46055592.0,354.2,48995994.4
2025-04-11 05:03:00,351.0,46152029.0,354.2,49114473.0
2025-04-11 05:04:00,351.0,46258390.0,354.2,49235171.2
2025-04-11 05:05:00,351.0,46395842.0,354.2,49369869.8
2025-04-11 05:06:00,351.0,46518783.0,354.2,49482479.2
2025-04-11 05:07:00,351.0,46594492.0,354.2,49603143.6
2025-04-11 05:08:00,351.0,46706397.0,354.2,49726995.0
2025-04-11 05:09:00,351.0,46859447.0,354.2,49874830.4
2025-04-11 05:10:00,351.0,47012943.0,354.2,50004376.8
2025-04-11 05:11:00,351.0,47190991.0,354.2,50118445.2
2025-04-11 05:12:00,351.0,47325878.0,354.2,50246414.8
2025-04-11 05:13:00,351.0,47444756.0,354.2,50379982.2
2025-04-11 05:14:00,351.0,47600277.0,354.2,50496282.4
2025-04-11 05:15:00,351.0,47703743.0,354.2,50600340.2
2025-04-11 05:16:00,351.0,47757545.0,354.2,50695103.6
2025-04-11 05:17:00,351.0,47885018.0,354.2,50810823.8
2025-04-11 05:18:00,351.0,48007703.0,354.2,50935205.4
2025-04-11 05:19:00,351.0,48144205.0,354.2,51071896.6
2025-04-11 05:20:00,351.0,48238223.0,354.2,51198184.2
2025-04-11 05:21:00,351.0,48337582.0,354.2,51308842.2
2025-04-11 05:22:00,351.0,48412418.0,354.2,51450487.2
2025-04-11 05:23:00,351.0,48539584.0,354.2,51566584.8
2025-04-11 05:24:00,351.0,48650402.0,354.2,51706592.4
2025-04-11 05:25:00,351.0,48842456.0,354.2,51832668.0
2025-04-11 05:26:00,351.0,49003920.0,354.2,51985386.4
2025-04-11 05:27:00,351.0,49090029.0,354.2,52105390.0
2025-04-11 05:28:00,351.0,49211630.0,354.2,52216894.8
2025-04-11 05:29:00,351.0,49381965.0,354.2,52335560.8
2025-04-11 05:30:00,351.0,49475195.0,354.2,52467345.2
2025-04-11 05:31:00,351.0,49645385.0,354.2,52606720.8
2025-04-11 05:32:00,351.0,49741797.0,354.2,52732403.2
2025-04-11 05:33:00,351.0,49852208.0,354.2,52860448.2
2025-04-11 05:34:00,351.0,49985004.0,354.2,53004053.0
2025-04-11 05:35:00,351.0,50109869.0,354.2,53152638.6
2025-04-11 05:36:00,351.0,50289525.0,354.2,53305027.4
2025-04-11 05:37:00,351.0,50412876.0,354.2,53426605.8
2025-04-11 05:38:00,351.0,50549638.0,354.2,53543334.4
2025-04-11 05:39:00,351.0,50653956.0,354.2,53691945.8
2025-04-11 05:40:00,351.0,50743821.0,354.2,53811229.0
2025-04-11 05:41:00,351.0,50873244.0,354.2,53945630.0
2025-04-11 05:42:00,351.0,50987591.0,354.2,54110161.0
2025-04-11 05:43:00,351.0,51077389.0,354.2,54249618.4
2025-04-11 05:44:00,351.0,51201235.0,354.2,54368755.0
2025-04-11 05:45:00,351.0,51415390.0,354.2,54514305.8
2025-04-11 05:46:00,351.0,51555653.0,356.8,54638292.4
2025-04-11 05:47:00,351.0,51614522.0,356.8,54756363.0
2025-04-11 05:48:00,351.0,51750022.0,356.8,54885474.4
2025-04-11 05:49:00,351.0,51855517.0,356.8,55011210.4
2025-04-11 05:50:00,351.0,51968598.0,356.8,55166450.2
2025-04-11 05:51:00,351.0,52086246.0,356.8,55287760.0
2025-04-11 05:52:00,351.0,52217431.0,356.8,55427583.6
2025-04-11 05:53:00,351.0,52359676.0,356.8,55563631.2
2025-04-11 05:54:00,351.0,52454955.0,356.8,55686644.6
2025-04-11 05:55:00,351.0,52588424.0,356.8,55818871.8
2025-04-11 05:56:00,351.0,52737380.0,356.8,55975260.2
2025-04-11 05:57:00,351.0,52931804.0,356.8,56141247.8
2025-04-11 05:58:00,351.0,53085951.0,356.8,56258934.4
2025-04-11 05:59:00,351.0,53217151.0,356.8,56388703.6
2025-04-11 06:00:00,351.0,53315862.0,356.8,56527585.4
2025-04-11 06:01:00,351.0,53464862.0,356.8,56648203.8
2025-04-11 06:02:00,351.0,53565370.0,356.8,56787534.6
2025-04-11 06:03:00,351.0,53706218.0,356.8,56909087.6
2025-04-11 06:04:00,351.0,53836905.0,356.8,57029370.8
2025-04-11 06:05:00,351.0,53944787.0,356.8,57141861.6
2025-04-11 06:06:00,351.0,54032248.0,356.8,57248005.0
2025-04-11 06:07:00,351.0,54173909.0,356.8,57372181.0
2025-04-11 06:08:00,351.0,54264422.0,356.8,57501078.4
2025-04-11 06:09:00,351.0,54397943.0,356.8,57622440.0
2025-04-11 06:10:00,351.0,54560780.0,356.8,57754588.6
2025-04-11 06:11:00,351.0,54687654.0,356.8,57879478.6
2025-04-11 06:12:00,351.0,54875589.0,356.8,58007393.6
2025-04-11 06:13:00,351.0,54953470.0,356.8,58140515.4
2025-04-11 06:14:00,351.0,55069609.0,356.8,58266070.8
2025-04-11 06:15:00,351.0,55226796.0,356.8,58387507.6
2025-04-11 06:16:00,351.0,55304364.0,356.8,58499799.2
2025-04-11 06:17:00,351.0,55377558.0,356.8,58616866.6
2025-04-11 06:18:00,351.0,55495660.0,356.8,58737815.6
2025-04-11 06:19:00,351.0,55642606.0,356.8,58872707.0
2025-04-11 06:20:00,351.0,55747164.0,356.8,58978433.2
2025-04-11 06:21:00,351.0,55942800.0,356.8,59110681.2
2025-04-11 06:22:00,351.0,56041022.0,356.8,59228630.4
2025-04-11 06:23:00,351.0,56171528.0,356.8,59353011.4
2025-04-11 06:24:00,351.0,56270202.0,356.8,59498047.0
2025-04-11 06:25:00,351.0,56421278.0,356.8,59648148.2
2025-04-11 06:26:00,351.0,56543804.0,356.8,59763947.6
2025-04-11 06:27:00,351.0,56629873.0,356.8,59874247.8
2025-04-11 06:28:00,351.0,56751837.0,356.8,60004537.6
2025-04-11 06:29:00,351.0,56821615.0,356.8,60113644.2
2025-04-11 06:30:00,351.0,56924104.0,356.8,60243544.2
2025-04-11 06:31:00,351.0,57011072.0,356.8,60369998.8
2025-04-11 06:32:00,351.0,57183034.0,356.8,60502755.6
2025-04-11 06:33:00,351.0,57307758.0,356.8,60631413.8
2025-04-11 06:34:00,351.0,57467256.0,356.8,60767386.8
2025-04-11 06:35:00,351.0,57607435.0,356.8,60893814.8
2025-04-11 06:36:00,351.0,57707986.0,356.8,60994885.0
2025-04-11 06:37:00,351.0,57803062.0,356.8,61155198.8
2025-04-11 06:38:00,351.0,57906177.0,356.8,61270036.4
2025-04-11 06:39:00,351.0,58011178.0,356.8,61419859.4
2025-04-11 06:40:00,351.0,58125700.0,356.8,61554851.6
2025-04-11 06:41:00,351.0,58265905.0,356.8,61684547.0
2025-04-11 06:42:00,351.0,58382912.0,356.8,61818437.8
2025-04-11 06:43:00,351.0,58462014.0,356.8,61939897.0
2025-04-11 06:44:00,351.0,58600070.0,356.8,62063794.0
2025-04-11 06:45:00,351.0,58680593.0,356.8,62179264.2
2025-04-11 06:46:00,351.0,58745618.0,356.8,62274640.2
2025-04-11 06:47:00,351.0,58911619.0,356.8,62398133.4
2025-04-11 06:48:00,351.0,59057688.0,356.8,62523131.8
2025-04-11 06:49:00,351.0,59205205.0,356.8,62657150.8
2025-04-11 06:50:00,351.0,59327402.0,356.8,62797979.8
2025-04-11 06:51:00,351.0,59493215.0,356.8,62948613.4
2025-04-11 06:52:00,351.0,59623687.0,356.8,63065152.6
2025-04-11 06:53:00,351.0,59749878.0,356.8,63203536.4
2025-04-11 06:54:00,351.0,59880984.0,356.8,63360618.6
2025-04-11 06:55:00,351.0,60010963.0,356.8,63503101.2
2025-04-11 06:56:00,351.0,60085055.0,356.8,63615115.0
2025-04-11 06:57:00,351.0,60219780.0,356.8,63739710.6
2025-04-11 06:58:00,351.0,60318038.0,356.8,63860544.2
2025-04-11 06:59:00,351.0,60439609.0,356.8,63976775.4
2025-04-11 07:00:00,351.0,60569000.0,356.8,64100686.4
2025-04-11 07:01:00,351.0,60674289.0,356.8,64243007.8
2025-04-11 07:02:00,351.0,60829608.0,356.8,64359663.2
2025-04-11 07:03:00,351.0,60951510.0,356.8,64470452.0
2025-04-11 07:04:00,351.0,61058644.0,356.8,64593667.4
2025-04-11 07:05:00,351.0,61184258.0,356.8,64722293.6
2025-04-11 07:06:00,351.0,61264605.0,356.8,64840207.4
2025-04-11 07:07:00,351.0,61456746.0,356.8,64969944.2
2025-04-11 07:08:00,351.0,61593909.0,356.8,65104854.8
2025-04-11 07:09:00,351.0,61723545.0,356.8,65244310.4
2025-04-11 07:10:00,351.0,61839941.0,356.8,65371860.6
2025-04-11 07:11:00,351.0,61960088.0,356.8,65513724.4
2025-04-11 07:12:00,351.0,62080004.0,356.8,65632756.8
2025-04-11 07:13:00,351.0,62198829.0,356.8,65767880.6
2025-04-11 07:14:00,351.0,62277175.0,356.8,65881548.2
2025-04-11 07:15:00,351.0,62358260.0,356.8,66027666.8
2025-04-11 07:16:00,351.0,62497035.0,356.8,66161101.4
2025-04-11 07:17:00,351.0,62641061.0,356.8,66286047.8
2025-04-11 07:18:00,351.0,62774213.0,356.8,66431708.4
2025-04-11 07:19:00,351.0,62866974.0,356.8,66555923.8
2025-04-11 07:20:00,351.0,62992831.0,356.8,66685842.8
2025-04-11 07:21:00,351.0,63052055.0,356.8,66775557.6
2025-04-11 07:22:00,351.0,63154831.0,356.8,66883448.0
2025-04-11 07:23:00,351.0,63260798.0,356.8,67010952.8
2025-04-11 07:24:00,351.0,63404671.0,356.8,67141908.4
2025-04-11 07:25:00,351.0,63538995.0,356.8,67271015.8
2025-04-11 07:26:00,351.0,63631904.0,356.8,67372035.0
2025-04-11 07:27:00,351.0,63762572.0,356.8,67506660.6
2025-04-11 07:28:00,351.0,63873241.0,356.8,67641621.6
2025-04-11 07:29:00,351.0,63991756.0,356.8,67767383.8
2025-04-11 07:30:00,351.0,64154027.0,356.8,67910225.2
2025-04-11 07:31:00,351.0,64243905.0,356.8,68052818.2
2025-04-11 07:32:00,351.0,64371234.0,356.8,68189047.6
2025-04-11 07:33:00,351.0,64511022.0,356.8,68311766.4
2025-04-11 07:34:00,351.0,64641274.0,356.8,68430042.6
2025-04-11 07:35:00,351.0,64764830.0,356.8,68566203.6
2025-04-11 07:36:00,351.0,64846068.0,356.8,68695381.4
2025-04-11 07:37:00,351.0,64942194.0,356.8,68827511.6
2025-04-11 07:38:00,351.0,65020473.0,356.8,68940627.6
2025-04-11 07:39:00,351.0,65186227.0,356.8,69091500.0
2025-04-11 07:40:00,351.0,65356431.0,356.8,69225690.4
2025-04-11 07:41:00,351.0,65475401.0,356.8,69363525.6
2025-04-11 07:42:00,351.0,65558231.0,356.8,69479984.8
2025-04-11 07:43:00,351.0,65676106.0,356.8,69615895.6
2025-04-11 07:44:00,351.0,65740591.0,356.8,69735865.8
2025-04-11 07:45:00,351.0,65875409.0,356.8,69882549.8
2025-04-11 07:46:00,351.0,65988571.0,356.8,69979644.0
2025-04-11 07:47:00,351.0,66134467.0,356.8,70129119.8
2025-04-11 07:48:00,351.0,66268168.0,356.8,70271588.8
2025-04-11 07:49:00,351.0,66381547.0,356.8,70412217.4
2025-04-11 07:50:00,351.0,66472800.0,356.8,70534950.4
2025-04-11 07:51:00,351.0,66612879.0,356.8,70661172.0
2025-04-11 07:52:00,351.0,66745636.0,356.8,70774395.6
2025-04-11 07:53:00,351.0,66850897.0,356.8,70911290.8
2025-04-11 07:54:00,351.0,66963661.0,356.8,71043075.6
2025-04-11 07:55:00,351.0,67115707.0,356.8,71193096.2
2025-04-11 07:56:00,351.0,67186098.0,356.8,71312410.4
2025-04-11 07:57:00,351.0,67313832.0,356.8,71435631.4
2025-04-11 07:58:00,351.0,67408311.0,356.8,71555733.0
2025-04-11 07:59:00,351.0,67486760.0,356.8,71660321.8
2025-04-11 08:00:00,352.0,67580665.0,357.0,71786382.6
2025-04-11 08:01:00,352.0,67672376.0,357.0,71894674.2
2025-04-11 08:02:00,352.0,67796785.0,357.0,72036722.6
2025-04-11 08:03:00,352.0,67854823.0,357.0,72142617.8
2025-04-11 08:04:00,352.0,67969778.0,357.0,72274892.0
2025-04-11 08:05:00,352.0,68097006.0,357.0,72414648.4
2025-04-11 08:06:00,352.0,68261781.0,357.0,72545118.0
2025-04-11 08:07:00,352.0,68379254.0,357.2,72673275.0
2025-04-11 08:08:00,352.0,68475457.0,357.2,72794471.4
2025-04-11 08:09:00,352.0,68566374.0,357.2,72902750.2
2025-04-11 08:10:00,352.0,68746998.0,357.2,73047786.4
2025-04-11 08:11:00,352.0,68830608.0,357.2,73174800.4
2025-04-11 08:12:00,352.0,68967023.0,357.2,73314524.2
2025-04-11 08:13:00,352.0,69108688.0,357.2,73444872.8
2025-04-11 08:14:00,352.0,69170143.0,357.2,73563918.4
2025-04-11 08:15:00,352.0,69288895.0,357.2,73699038.0
2025-04-11 08:16:00,352.0,69418886.0,357.2,73849910.2
2025-04-11 08:17:00,352.0,69544206.0,357.2,73954390.8
2025-04-11 08:18:00,352.0,69647918.0,357.2,74098621.6
2025-04-11 08:19:00,352.0,69748983.0,357.2,74227059.8
2025-04-11 08:20:00,352.0,69908036.0,357.2,74363889.8
2025-04-11 08:21:00,352.0,70031525.0,357.2,74492101.8
2025-04-11 08:22:00,352.0,70137233.0,357.2,74593600.0
2025-04-11 08:23:00,352.0,70251525.0,357.2,74737966.4
2025-04-11 08:24:00,352.0,70401042.0,357.2,74877502.6
2025-04-11 08:25:00,352.0,70533472.0,357.2,75004832.2
2025-04-11 08:26:00,352.0,70629739.0,357.2,75119419.0
2025-04-11 08:27:00,352.0,70780142.0,357.2,75248518.6
2025-04-11 08:28:00,352.0,70884511.0,357.2,75372016.0
2025-04-11 08:29:00,352.0,70982466.0,357.2,75481634.8
2025-04-11 08:30:00,352.0,71084787.0,357.2,75593111.2
2025-04-11 08:31:00,352.0,71173969.0,357.2,75717921.2
2025-04-11 08:32:00,352.0,71237790.0,357.2,75826141.4
2025-04-11 08:33:00,352.0,71358941.0,357.2,75968521.6
2025-04-11 08:34:00,352.0,71535678.0,357.2,76102487.6
2025-04-11 08:35:00,352.0,71718860.0,357.2,76228638.2
2025-04-11 08:36:00,352.0,71843358.0,357.2,76374320.2
2025-04-11 08:37:00,352.0,72014773.0,357.2,76515760.6
2025-04-11 08:38:00,352.0,72088020.0,357.2,76648632.0
2025-04-11 08:39:00,352.0,72236714.0,357.2,76799122.4
2025-04-11 08:40:00,352.0,72401434.0,357.2,76943488.8
2025-04-11 08:41:00,352.0,72497292.0,357.2,77077008.0
2025-04-11 08:42:00,352.0,72586879.0,357.2,77214117.8
2025-04-11 08:43:00,352.0,72790352.0,357.2,77345542.8
2025-04-11 08:44:00,352.0,72903164.0,357.2,77471421.0
2025-04-11 08:45:00,352.0,73014833.0,357.2,77601127.6
2025-04-11 08:46:00,352.0,73178549.0,357.2,77754883.2
2025-04-11 08:47:00,352.0,73261454.0,357.2,77873765.2
2025-04-11 08:48:00,352.0,73353982.0,357.2,78000674.8
2025-04-11 08:49:00,352.0,73470257.0,357.2,78127897.8
2025-04-11 08:50:00,352.0,73567819.0,357.2,78259324.2
2025-04-11 08:51:00,352.0,73683268.0,357.2,78395252.2
2025-04-11 08:52:00,352.0,73807731.0,357.2,78517204.0
2025-04-11 08:53:00,352.0,73879867.0,357.2,78641760.0
2025-04-11 08:54:00,352.0,74014104.0,357.2,78776977.8
2025-04-11 08:55:00,352.0,74096302.0,357.2,78895443.0
2025-04-11 08:56:00,352.0,74226970.0,357.2,79014185.2
2025-04-11 08:57:00,352.0,74300816.0,357.2,79114664.4
2025-04-11 08:58:00,352.0,74383034.0,357.2,79225562.4
2025-04-11 08:59:00,352.0,74477688.0,357.2,79362545.0
2025-04-11 09:00:00,352.0,74593390.0,357.2,79495613.4
2025-04-11 09:01:00,352.0,74730410.0,357.2,79607078.0
2025-04-11 09:02:00,352.0,74842091.0,357.2,79738358.6
2025-04-11 09:03:00,352.0,74979040.0,357.2,79870825.2
2025-04-11 09:04:00,352.0,75116269.0,357.2,80017396.4
2025-04-11 09:05:00,352.0,75267997.0,357.2,80139016.8
2025-04-11 09:06:00,352.0,75411920.0,357.2,80282717.2
2025-04-11 09:07:00,352.0,75505860.0,357.2,80396182.2
2025-04-11 09:08:00,352.0,75658331.0,357.2,80523959.8
2025-04-11 09:09:00,352.0,75734854.0,357.2,80638936.4
2025-04-11 09:10:00,352.0,75829748.0,357.2,80759753.6
2025-04-11 09:11:00,352.0,76001351.0,357.2,80891618.0
2025-04-11 09:12:00,352.0,76147355.0,357.2,81041142.8
2025-04-11 09:13:00,352.0,76230484.0,357.2,81172864.6
2025-04-11 09:14:00,352.0,76331462.0,357.2,81299915.2
2025-04-11 09:15:00,352.0,76418451.0,357.2,81419527.2
2025-04-11 09:16:00,352.0,76491209.0,357.2,81559778.6
2025-04-11 09:17:00,352.0,76623992.0,357.2,81697085.4
2025-04-11 09:18:00,352.0,76766329.0,357.2,81852391.0
2025-04-11 09:19:00,352.0,76899982.0,357.2,81986896.8
2025-04-11 09:20:00,352.0,77020149.0,357.2,82100592.6
2025-04-11 09:21:00,352.0,77114540.0,357.2,82212032.6
2025-04-11 09:22:00,352.0,77228820.0,357.2,82318951.2
2025-04-11 09:23:00,352.0,77348518.0,357.2,82435597.6
2025-04-11 09:24:00,352.0,77493291.0,357.2,82577788.8
2025-04-11 09:25:00,352.0,77623696.0,357.2,82703977.0
2025-04-11 09:26:00,352.0,77729587.0,357.2,82808572.4
2025-04-11 09:27:00,352.0,77824336.0,357.2,82907442.2
2025-04-11 09:28:00,352.0,77913354.0,357.2,83031518.0
2025-04-11 09:29:00,352.0,78016959.0,357.2,83170090.8
2025-04-11 09:30:00,352.0,78119574.0,357.2,83323959.0
2025-04-11 09:31:00,352.0,78232881.0,357.2,83449266.4
2025-04-11 09:32:00,352.0,78372688.0,357.2,83574605.6
2025-04-11 09:33:00,352.0,78507848.0,357.2,83711602.4
2025-04-11 09:34:00,352.0,78611723.0,357.2,83840131.0
2025-04-11 09:35:00,352.0,78750834.0,359.8,83951049.2
2025-04-11 09:36:00,352.0,78950759.0,359.8,84100755.8
2025-04-11 09:37:00,352.0,79071193.0,359.8,84239027.2
2025-04-11 09:38:00,352.0,79186726.0,359.8,84365179.6
2025-04-11 09:39:00,352.0,79276884.0,359.8,84479727.2
2025-04-11 09:40:00,352.0,79395689.0,359.8,84591394.8
2025-04-11 09:41:00,352.0,79493126.0,359.8,84706768.0
2025-04-11 09:42:00,352.0,79608292.0,359.8,84823441.0
2025-04-11 09:43:00,352.0,79768175.0,359.8,84970256.2
2025-04-11 09:44:00,352.0,79941640.0,359.8,85105449.6
2025-04-11 09:45:00,352.0,80058555.0,359.8,85238587.0
2025-04-11 09:46:00,352.0,80198268.0,359.8,85360394.4
2025-04-11 09:47:00,352.0,80327478.0,359.8,85484194.8
2025-04-11 09:48:00,352.0,80444116.0,360.0,85614940.4
2025-04-11 09:49:00,352.0,80593285.0,360.0,85765302.8
2025-04-11 09:50:00,352.0,80717820.0,360.0,85870550.0
2025-04-11 09:51:00,352.0,80832138.0,360.0,85994319.4
2025-04-11 09:52:00,352.0,80980492.0,360.0,86142178.4
2025-04-11 09:53:00,352.0,81133127.0,360.0,86262099.4
2025-04-11 09:54:00,352.0,81233638.0,360.0,86381095.8
2025-04-11 09:55:00,352.0,81322698.0,360.0,86503013.8
2025-04-11 09:56:00,352.0,81466186.0,360.0,86630523.8
2025-04-11 09:57:00,352.0,81582302.0,360.0,86752566.0
2025-04-11 09:58:00,352.0,81717049.0,360.0,86888039.8
2025-04-11 09:59:00,352.0,81838203.0,360.0,86996338.2
2025-04-11 10:00:00,352.0,81963134.0,360.0,87127247.4
2025-04-11 10:01:00,352.0,82050335.0,360.0,87240286.4
2025-04-11 10:02:00,352.0,82175779.0,360.0,87379436.8
2025-04-11 10:03:00,352.0,82343208.0,360.0,87515957.0
2025-04-11 10:04:00,352.0,82517983.0,360.0,87656285.0
2025-04-11 10:05:00,352.0,82648431.0,360.0,87797287.6
2025-04-11 10:06:00,352.0,82733557.0,360.0,87923161.2
2025-04-11 10:07:00,352.0,82826892.0,360.0,88037020.2
2025-04-11 10:08:00,352.0,82936590.0,360.0,88162488.2
2025-04-11 10:09:00,352.0,83007851.0,360.0,88278898.8
2025-04-11 10:10:00,352.0,83164917.0,360.0,88395420.8
2025-04-11 10:11:00,352.0,83253838.0,360.0,88508892.4
2025-04-11 10:12:00,352.0,83330116.0,360.0,88604754.6
2025-04-11 10:13:00,352.0,83483117.0,360.0,88734279.2
2025-04-11 10:14:00,352.0,83550970.0,360.0,88842768.2
2025-04-11 10:15:00,352.0,83664649.0,360.0,88959745.2
2025-04-11 10:16:00,352.0,83767017.0,360.0,89072729.0
2025-04-11 10:17:00,352.0,83852001.0,360.0,89197849.0
2025-04-11 10:18:00,352.0,84021809.0,360.0,89331904.0
2025-04-11 10:19:00,352.0,84132389.0,360.0,89455700.6
2025-04-11 10:20:00,352.0,84258940.0,360.0,89555379.0
2025-04-11 10:21:00,352.0,84374589.0,360.0,89678757.4
2025-04-11 10:22:00,352.0,84480458.0,360.0,89816767.6
2025-04-11 10:23:00,352.0,84552472.0,360.0,89932759.2
2025-04-11 10:24:00,352.0,84605695.0,360.0,90023331.6
2025-04-11 10:25:00,352.0,84699211.0,360.0,90148246.6
2025-04-11 10:26:00,352.0,84786440.0,360.0,90283102.6
2025-04-11 10:27:00,352.0,84882702.0,360.0,90403382.6
2025-04-11 10:28:00,352.0,84999301.0,360.0,90516324.0
2025-04-11 10:29:00,352.0,85079881.0,360.0,90633098.6
2025-04-11 10:30:00,352.0,85210173.0,360.0,90754116.6
2025-04-11 10:31:00,352.0,85338272.0,360.0,90891727.4
2025-04-11 10:32:00,352.0,85429957.0,360.0,91015696.0
2025-04-11 10:33:00,352.0,85567898.0,360.0,91143759.2
2025-04-11 10:34:00,352.0,85701047.0,360.0,91261106.0
2025-04-11 10:35:00,352.0,85878397.0,360.0,91428767.4
2025-04-11 10:36:00,352.0,85977701.0,360.0,91543862.6
2025-04-11 10:37:00,352.0,86095569.0,360.0,91648016.8
2025-04-11 10:38:00,352.0,86181860.0,360.0,91787753.2
2025-04-11 10:39:00,352.0,86281046.0,360.0,91903232.8
2025-04-11 10:40:00,352.0,86365950.0,360.0,92002247.0
2025-04-11 10:41:00,352.0,86467187.0,360.0,92107785.0
2025-04-11 10:42:00,352.0,86596329.0,360.0,92250041.6
2025-04-11 10:43:00,352.0,86692398.0,360.0,92401801.2
2025-04-11 10:44:00,352.0,86830062.0,360.0,92543519.0
2025-04-11 10:45:00,352.0,86979330.0,360.0,92685065.4
2025-04-11 10:46:00,352.0,87166962.0,360.0,92818165.4
2025-04-11 10:47:00,352.0,87283744.0,360.0,92956334.8
2025-04-11 10:48:00,352.0,87412427.0,360.0,93080998.8
2025-04-11 10:49:00,352.0,87515570.0,360.0,93207129.4
2025-04-11 10:50:00,352.0,87582445.0,360.0,93335855.6
2025-04-11 10:51:00,352.0,87748265.0,360.0,93473843.2
2025-04-11 10:52:00,352.0,87924092.0,360.0,93612441.4
2025-04-11 10:53:00,352.0,88037193.0,360.0,93754331.0
2025-04-11 10:54:00,352.0,88184067.0,360.0,93895914.6
2025-04-11 10:55:00,352.0,88260880.0,360.0,94002077.6
2025-04-11 10:56:00,352.0,88391502.0,360.0,94122417.8
2025-04-11 10:57:00,352.0,88558152.0,360.0,94252648.0
2025-04-11 10:58:00,352.0,88669498.0,360.0,94377981.2
2025-04-11 10:59:00,352.0,88776681.0,360.0,94505689.6
2025-04-11 11:00:00,352.0,88927895.0,360.0,94647957.4
2025-04-11 11:01:00,352.0,89040010.0,360.0,94764999.4
2025-04-11 11:02:00,352.0,89219470.0,360.0,94902577.6
2025-04-11 11:03:00,352.0,89325183.0,360.0,95035342.4
2025-04-11 11:04:00,352.0,89411511.0,360.0,95132628.0
2025-04-11 11:05:00,352.0,89527644.0,360.0,95265946.2
2025-04-11 11:06:00,352.0,89620051.0,360.0,95383376.6
2025-04-11 11:07:00,352.0,89734188.0,360.0,95509319.8
2025-04-11 11:08:00,352.0,89878210.0,360.0,95640739.4
2025-04-11 11:09:00,352.0,89965652.0,360.0,95758563.6
2025-04-11 11:10:00,352.0,90154354.0,360.0,95921154.2
2025-04-11 11:11:00,352.0,90220750.0,360.0,96036252.8
2025-04-11 11:12:00,352.0,90305252.0,360.0,96158730.8
2025-04-11 11:13:00,352.0,90446868.0,360.0,96303078.2
2025-04-11 11:14:00,352.0,90536820.0,360.0,96428681.2
2025-04-11 11:15:00,352.0,90639619.0,360.0,96550079.2
2025-04-11 11:16:00,352.0,90734950.0,360.0,96668264.2
2025-04-11 11:17:00,352.0,90829793.0,360.0,96804740.8
2025-04-11 11:18:00,352.0,90968007.0,360.0,96930611.2
2025-04-11 11:19:00,352.0,91097417.0,360.0,97050332.2
2025-04-11 11:20:00,352.0,91263129.0,360.0,97201142.4
2025-04-11 11:21:00,352.0,91353021.0,360.0,97323113.6
2025-04-11 11:22:00,352.0,91473451.0,360.0,97455107.2
2025-04-11 11:23:00,352.0,91573605.0,360.0,97586935.4
2025-04-11 11:24:00,352.0,91668691.0,360.0,97694219.6
2025-04-11 11:25:00,352.0,91837116.0,360.0,97827441.2
2025-04-11 11:26:00,352.0,91942060.0,360.0,97956991.2
2025-04-11 11:27:00,352.0,92012640.0,360.0,98057657.8
2025-04-11 11:28:00,352.0,92193862.0,360.0,98184590.8
2025-04-11 11:29:00,352.0,92336585.0,360.0,98304247.6
2025-04-11 11:30:00,352.0,92422387.0,360.0,98442256.6
2025-04-11 11:31:00,352.0,92524270.0,360.0,98565719.8
2025-04-11 11:32:00,352.0,92622491.0,360.0,98700567.8
2025-04-11 11:33:00,352.0,92784105.0,360.0,98854491.2
2025-04-11 11:34:00,352.0,92906116.0,360.0,98978862.8
2025-04-11 11:35:00,352.0,93008753.0,360.0,99077267.0
2025-04-11 11:36:00,352.0,93167337.0,360.0,99211614.8
2025-04-11 11:37:00,352.0,93278181.0,360.0,99313669.4
2025-04-11 11:38:00,352.0,93413650.0,360.0,99441945.2
2025-04-11 11:39:00,355.0,93502890.0,360.6,99569783.6
2025-04-11 11:40:00,355.0,93625060.0,360.6,99689308.4
2025-04-11 11:41:00,355.0,93724643.0,360.6,99820195.2
2025-04-11 11:42:00,355.0,93855058.0,360.6,99950093.4
2025-04-11 11:43:00,355.0,93959760.0,360.6,100062656.2
2025-04-11 11:44:00,355.0,94081270.0,360.6,100191884.0
2025-04-11 11:45:00,355.0,94175012.0,360.6,100328477.8
2025-04-11 11:46:00,355.0,94238051.0,360.6,100440055.6
2025-04-11 11:47:00,355.0,94393460.0,360.6,100555359.6
2025-04-11 11:48:00,355.0,94501844.0,360.6,100656266.4
2025-04-11 11:49:00,355.0,94585926.0,360.6,100766575.2
2025-04-11 11:50:00,355.0,94663902.0,360.6,100881055.6
2025-04-11 11:51:00,355.0,94742751.0,360.6,100966372.0
2025-04-11 11:52:00,355.0,94843674.0,360.6,101083293.2
2025-04-11 11:53:00,355.0,94941232.0,360.6,101199779.8
2025-04-11 11:54:00,355.0,95092955.0,360.6,101329222.8
2025-04-11 11:55:00,355.0,95191504.0,360.6,101452212.0
2025-04-11 11:56:00,355.0,95281441.0,360.6,101566089.8
2025-04-11 11:57:00,355.0,95362029.0,360.6,101683148.4
2025-04-11 11:58:00,355.0,95478604.0,360.6,101802334.0
2025-04-11 11:59:00,355.0,95629705.0,360.6,101919052.0
2025-04-11 12:00:00,355.0,95764258.0,360.6,102054730.4
2025-04-11 12:01:00,355.0,95912555.0,360.6,102215333.4
2025-04-11 12:02:00,355.0,96002997.0,360.6,102343479.6
2025-04-11 12:03:00,355.0,96131629.0,360.6,102455160.2
2025-04-11 12:04:00,355.0,96239735.0,360.6,102584928.4
2025-04-11 12:05:00,355.0,96351995.0,360.6,102698583.6
2025-04-11 12:06:00,355.0,96470198.0,360.6,102822242.4
2025-04-11 12:07:00,355.0,96546031.0,360.6,102926793.0
2025-04-11 12:08:00,355.0,96704647.0,360.6,103066910.2
2025-04-11 12:09:00,355.0,96810541.0,360.6,103199082.2
2025-04-11 12:10:00,355.0,96934551.0,360.6,103308212.8
2025-04-11 12:11:00,355.0,97052320.0,360.6,103434875.6
2025-04-11 12:12:00,355.0,97161030.0,360.6,103586938.8
2025-04-11 12:13:00,355.0,97268909.0,360.6,103718288.4
2025-04-11 12:14:00,355.0,97345612.0,360.6,103854965.0
2025-04-11 12:15:00,355.0,97433383.0,360.6,103978206.8
2025-04-11 12:16:00,355.0,97515245.0,360.6,104105301.0
2025-04-11 12:17:00,355.0,97611559.0,360.6,104257406.6
2025-04-11 12:18:00,355.0,97728281.0,360.6,104397355.2
2025-04-11 12:19:00,355.0,97821103.0,360.6,104501493.6
2025-04-11 12:20:00,355.0,97913808.0,360.6,104622307.8
2025-04-11 12:21:00,355.0,98054414.0,360.6,104747295.6
2025-04-11 12:22:00,355.0,98179285.0,360.6,104883497.4
2025-04-11 12:23:00,355.0,98302881.0,360.6,105024067.4
2025-04-11 12:24:00,355.0,98452744.0,360.6,105134223.0
2025-04-11 12:25:00,355.0,98525394.0,360.6,105229041.2
2025-04-11 12:26:00,355.0,98603407.0,360.6,105343339.0
2025-04-11 12:27:00,355.0,98663451.0,360.6,105448988.6
2025-04-11 12:28:00,355.0,98736273.0,360.6,105565116.0
2025-04-11 12:29:00,355.0,98849494.0,360.6,105696770.6
2025-04-11 12:30:00,355.0,98976628.0,360.6,105833931.6
2025-04-11 12:31:00,355.0,99123147.0,360.6,105962351.0
2025-04-11 12:32:00,355.0,99229938.0,360.6,106080876.4
2025-04-11 12:33:00,355.0,99337881.0,360.6,106212826.2
2025-04-11 12:34:00,355.0,99437975.0,360.6,106340567.8
2025-04-11 12:35:00,355.0,99590923.0,360.6,106471766.0
2025-04-11 12:36:00,355.0,99699307.0,360.6,106617653.8
2025-04-11 12:37:00,355.0,99788778.0,360.6,106731776.2
2025-04-11 12:38:00,355.0,99907063.0,360.6,106846917.6
2025-04-11 12:39:00,355.0,100053435.0,360.6,106993883.2
2025-04-11 12:40:00,355.0,100131029.0,360.6,107124823.6
2025-04-11 12:41:00,355.0,100177625.0,360.6,107232033.2
2025-04-11 12:42:00,355.0,100318755.0,360.6,107354146.4
2025-04-11 12:43:00,355.0,100436725.0,360.6,107459294.2
2025-04-11 12:44:00,355.0,100555633.0,360.6,107603960.4
2025-04-11 12:45:00,355.0,100691715.0,360.6,107753367.8
2025-04-11 12:46:00,355.0,100786336.0,360.6,107877699.6
2025-04-11 12:47:00,355.0,100876602.0,360.6,107992688.0
2025-04-11 12:48:00,355.0,100998547.0,360.6,108125677.0
2025-04-11 12:49:00,355.0,101084426.0,360.6,108258630.6
2025-04-11 12:50:00,355.0,101236342.0,360.6,108401903.8
2025-04-11 12:51:00,355.0,101333190.0,360.6,108514675.4
2025-04-11 12:52:00,355.0,101475694.0,360.6,108636128.6
2025-04-11 12:53:00,355.0,101609663.0,360.6,108761162.0
2025-04-11 12:54:00,355.0,101675741.0,360.6,108867398.4
2025-04-11 12:55:00,355.0,101788198.0,360.6,108999043.6
2025-04-11 12:56:00,355.0,101926638.0,360.6,109118772.0
2025-04-11 12:57:00,355.0,102064955.0,360.6,109269168.2
2025-04-11 12:58:00,355.0,102168330.0,360.6,109386055.8
2025-04-11 12:59:00,355.0,102276747.0,360.6,109508394.0
2025-04-11 13:00:00,355.0,102347084.0,360.6,109614450.8
2025-04-11 13:01:00,355.0,102463033.0,360.6,109747098.6
2025-04-11 13:02:00,355.0,102582306.0,360.6,109865973.8
2025-04-11 13:03:00,355.0,102683049.0,360.6,109975946.6
2025-04-11 13:04:00,355.0,102814354.0,360.6,110111902.6
2025-04-11 13:05:00,355.0,102899692.0,363.4,110230528.2
2025-04-11 13:06:00,355.0,103024542.0,363.4,110337726.6
2025-04-11 13:07:00,355.0,103205767.0,363.4,110489256.6
2025-04-11 13:08:00,355.0,103353400.0,363.4,110621892.6
2025-04-11 13:09:00,355.0,103541564.0,363.4,110772706.2
2025-04-11 13:10:00,355.0,103700457.0,363.4,110905907.8
2025-04-11 13:11:00,355.0,103807456.0,363.4,111017328.8
2025-04-11 13:12:00,355.0,103966516.0,363.4,111158630.8
2025-04-11 13:13:00,355.0,104074202.0,363.4,111274008.2
2025-04-11 13:14:00,355.0,104179214.0,363.4,111392199.0
2025-04-11 13:15:00,355.0,104330967.0,363.4,111534144.6
2025-04-11 13:16:00,355.0,104451084.0,363.4,111670888.2
2025-04-11 13:17:00,355.0,104559580.0,363.4,111778059.8
2025-04-11 13:18:00,355.0,104647784.0,363.4,111897510.8
2025-04-11 13:19:00,355.0,104728045.0,363.4,112037853.8
2025-04-11 13:20:00,355.0,104869715.0,363.4,112171201.0
2025-04-11 13:21:00,355.0,104987079.0,363.4,112293612.2
2025-04-11 13:22:00,355.0,105145068.0,363.4,112439523.2
2025-04-11 13:23:00,355.0,105268503.0,363.4,112573599.0
2025-04-11 13:24:00,355.0,105381341.0,363.4,112699815.6
2025-04-11 13:25:00,355.0,105447257.0,363.4,112808890.6
2025-04-11 13:26:00,355.0,105582416.0,363.4,112920942.8
2025-04-11 13:27:00,355.0,105688572.0,363.4,113042116.0
2025-04-11 13:28:00,355.0,105781739.0,363.4,113164094.8
2025-04-11 13:29:00,355.0,105934505.0,363.4,113305747.4
2025-04-11 13:30:00,355.0,106089439.0,363.4,113431387.0
2025-04-11 13:31:00,355.0,106197251.0,363.4,113562824.6
2025-04-11 13:32:00,355.0,106305506.0,363.4,113670788.0
2025-04-11 13:33:00,355.0,106406765.0,363.4,113806887.4
2025-04-11 13:34:00,355.0,106503921.0,363.4,113932093.8
2025-04-11 13:35:00,355.0,106614360.0,363.4,114081625.0
2025-04-11 13:36:00,355.0,106710806.0,363.4,114192555.4
2025-04-11 13:37:00,355.0,106828433.0,363.4,114307521.0
2025-04-11 13:38:00,355.0,106952926.0,363.4,114414563.2
2025-04-11 13:39:00,355.0,107047903.0,363.4,114547677.0
2025-04-11 13:40:00,355.0,107119398.0,363.4,114652736.4
2025-04-11 13:41:00,355.0,107219741.0,363.4,114786005.6
2025-04-11 13:42:00,355.0,107319904.0,363.4,114915938.2
2025-04-11 13:43:00,355.0,107476795.0,363.4,115055209.6
2025-04-11 13:44:00,355.0,107583194.0,363.4,115191796.8
2025-04-11 13:45:00,355.0,107666792.0,363.4,115296165.6
2025-04-11 13:46:00,355.0,107746336.0,363.4,115431721.6
2025-04-11 13:47:00,355.0,107941877.0,363.4,115577818.4
2025-04-11 13:48:00,355.0,108020668.0,363.4,115714978.2
2025-04-11 13:49:00,355.0,108108943.0,363.4,115842236.6
2025-04-11 13:50:00,355.0,108187015.0,363.4,115954910.2
2025-04-11 13:51:00,355.0,108357563.0,363.4,116083281.4
2025-04-11 13:52:00,355.0,108445720.0,363.4,116224766.4
2025-04-11 13:53:00,355.0,108562797.0,363.4,116351148.6
2025-04-11 13:54:00,355.0,108770882.0,363.4,116488234.4
2025-04-11 13:55:00,355.0,108862838.0,363.4,116610858.0
2025-04-11 13:56:00,355.0,108998937.0,363.4,116753489.2
2025-04-11 13:57:00,355.0,109095079.0,363.4,116859118.0
2025-04-11 13:58:00,355.0,109232936.0,363.4,116986806.4
2025-04-11 13:59:00,355.0,109332755.0,363.4,117109505.2
2025-04-11 14:00:00,355.0,109393486.0,363.4,117222433.4
2025-04-11 14:01:00,355.0,109509851.0,363.4,117344590.2
2025-04-11 14:02:00,355.0,109681297.0,363.4,117492408.2
2025-04-11 14:03:00,355.0,109852650.0,363.4,117655421.6
2025-04-11 14:04:00,355.0,109996215.0,363.4,117784936.2
2025-04-11 14:05:00,355.0,110092239.0,363.4,117901364.4
2025-04-11 14:06:00,355.0,110158843.0,363.4,118004907.4
2025-04-11 14:07:00,355.0,110247008.0,363.4,118110603.2
2025-04-11 14:08:00,355.0,110370781.0,363.4,118227016.0
2025-04-11 14:09:00,355.0,110498384.0,363.4,118355189.0
2025-04-11 14:10:00,355.0,110619145.0,363.4,118497746.4
2025-04-11 14:11:00,355.0,110744009.0,363.4,118606787.8
2025-04-11 14:12:00,355.0,110874277.0,363.4,118735833.2
2025-04-11 14:13:00,355.0,111007565.0,363.4,118894392.4
2025-04-11 14:14:00,355.0,111073705.0,363.4,118996338.2
2025-04-11 14:15:00,355.0,111256255.0,363.4,119132919.2
2025-04-11 14:16:00,355.0,111361158.0,363.4,119259146.8
2025-04-11 14:17:00,355.0,111504397.0,363.4,119380491.8
2025-04-11 14:18:00,355.0,111609171.0,363.4,119509818.0
2025-04-11 14:19:00,355.0,111750668.0,363.4,119651724.8
2025-04-11 14:20:00,355.0,111836570.0,363.4,119786449.4
2025-04-11 14:21:00,355.0,111967722.0,363.4,119922497.6
2025-04-11 14:22:00,355.0,112045787.0,363.4,120038101.2
2025-04-11 14:23:00,355.0,112187516.0,363.4,120149923.8
2025-04-11 14:24:00,355.0,112370600.0,363.4,120299508.0
2025-04-11 14:25:00,355.0,112434036.0,363.4,120412774.2
2025-04-11 14:26:00,355.0,112537816.0,363.4,120531846.8
2025-04-11 14:27:00,355.0,112679065.0,363.4,120652850.0
2025-04-11 14:28:00,355.0,112832350.0,363.4,120771543.2
2025-04-11 14:29:00,355.0,112923667.0,363.4,120883908.4
2025-04-11 14:30:00,355.0,113036819.0,363.4,121019994.6
2025-04-11 14:31:00,355.0,113165318.0,363.4,121141931.8
2025-04-11 14:32:00,355.0,113305165.0,363.4,121277935.4
2025-04-11 14:33:00,355.0,113405674.0,363.4,121419295.4
2025-04-11 14:34:00,355.0,113522496.0,363.4,121536551.4
2025-04-11 14:35:00,355.0,113662083.0,363.4,121684571.2
2025-04-11 14:36:00,355.0,113795149.0,363.4,121802560.4
2025-04-11 14:37:00,355.0,113863255.0,363.4,121924478.6
2025-04-11 14:38:00,355.0,113975646.0,363.4,122032188.0
2025-04-11 14:39:00,355.0,114082594.0,363.4,122157759.4
2025-04-11 14:40:00,355.0,114216658.0,363.4,122271578.2
2025-04-11 14:41:00,355.0,114329473.0,363.4,122401041.0
2025-04-11 14:42:00,355.0,114401735.0,363.4,122514074.4
2025-04-11 14:43:00,355.0,114523933.0,363.4,122636065.4
2025-04-11 14:44:00,355.0,114644008.0,363.4,122762051.0
2025-04-11 14:45:00,355.0,114714181.0,363.4,122872396.2
2025-04-11 14:46:00,355.0,114796089.0,363.4,122998526.8
2025-04-11 14:47:00,355.0,114899001.0,363.4,123110537.0
2025-04-11 14:48:00,355.0,115043401.0,363.4,123264778.4
2025-04-11 14:49:00,355.0,115170215.0,363.4,123396833.4
2025-04-11 14:50:00,355.0,115301334.0,363.4,123530427.8
2025-04-11 14:51:00,355.0,115399793.0,363.4,123643610.2
2025-04-11 14:52:00,355.0,115568318.0,363.4,123774721.2
2025-04-11 14:53:00,355.0,115710894.0,363.4,123908372.4
2025-04-11 14:54:00,355.0,115828709.0,363.4,124021097.2
2025-04-11 14:55:00,355.0,116019137.0,363.4,124187815.4
2025-04-11 14:56:00,355.0,116111040.0,363.4,124330677.0
2025-04-11 14:57:00,355.0,116243169.0,363.4,124480326.2
2025-04-11 14:58:00,355.0,116354608.0,363.4,124577330.8
2025-04-11 14:59:00,355.0,116448665.0,363.4,124685602.6
2025-04-11 15:00:00,355.0,116638531.0,363.4,124823987.8
2025-04-11 15:01:00,355.0,116781308.0,363.4,124956442.4
2025-04-11 15:02:00,355.0,116990436.0,363.4,125112207.2
2025-04-11 15:03:00,355.0,117128436.0,363.4,125242172.4
2025-04-11 15:04:00,355.0,117240353.0,363.4,125366390.2
2025-04-11 15:05:00,355.0,117326982.0,363.4,125470853.4
2025-04-11 15:06:00,355.0,117410952.0,363.4,125606498.0
2025-04-11 15:07:00,355.0,117519739.0,363.4,125729585.0
2025-04-11 15:08:00,355.0,117636501.0,363.4,125853325.2
2025-04-11 15:09:00,355.0,117751590.0,363.4,125966198.8
2025-04-11 15:10:00,355.0,117864179.0,363.4,126088465.2
2025-04-11 15:11:00,355.0,117944284.0,363.4,126208227.8
2025-04-11 15:12:00,355.0,118099684.0,363.4,126358685.8
2025-04-11 15:13:00,355.0,118257890.0,363.4,126498222.8
2025-04-11 15:14:00,355.0,118404299.0,363.4,126626301.0
2025-04-11 15:15:00,355.0,118528016.0,363.4,126734307.0
2025-04-11 15:16:00,355.0,118636445.0,363.4,126847883.0
2025-04-11 15:17:00,355.0,118703718.0,363.4,126966336.2
2025-04-11 15:18:00,355.0,118813578.0,363.4,127083382.6
2025-04-11 15:19:00,355.0,118897856.0,363.4,127201357.4
2025-04-11 15:20:00,355.0,119018124.0,363.4,127345746.4
2025-04-11 15:21:00,355.0,119103611.0,363.4,127466481.0
2025-04-11 15:22:00,355.0,119173616.0,363.4,127594519.4
2025-04-11 15:23:00,355.0,119289744.0,363.4,127731389.0
2025-04-11 15:24:00,355.0,119372621.0,363.4,127840219.4
2025-04-11 15:25:00,355.0,119488555.0,363.4,127976564.4
2025-04-11 15:26:00,355.0,119640188.0,363.4,128104877.0
2025-04-11 15:27:00,355.0,119769506.0,363.4,128222253.0
2025-04-11 15:28:00,355.0,119867775.0,363.4,128335564.0
2025-04-11 15:29:00,355.0,119958149.0,363.4,128462564.0
2025-04-11 15:30:00,355.0,120078733.0,363.4,128599624.4
2025-04-11 15:31:00,355.0,120163184.0,363.4,128707312.2
2025-04-11 15:32:00,355.0,120253290.0,363.4,128833243.8
2025-04-11 15:33:00,355.0,120364233.0,363.4,128940570.8
2025-04-11 15:34:00,355.0,120507590.0,363.4,129082671.8
2025-04-11 15:35:00,355.0,120630177.0,363.4,129211338.2
2025-04-11 15:36:00,355.0,120775587.0,363.4,129346531.4
2025-04-11 15:37:00,355.0,120900183.0,363.4,129459762.4
2025-04-11 15:38:00,355.0,121020204.0,363.4,129594311.0
2025-04-11 15:39:00,355.0,121134490.0,363.4,129722127.4
2025-04-11 15:40:00,355.0,121207426.0,363.4,129824142.6
2025-04-11 15:41:00,355.0,121333014.0,363.4,129934439.4
2025-04-11 15:42:00,355.0,121484689.0,363.4,130071428.0
2025-04-11 15:43:00,355.0,121604648.0,363.4,130189410.6
2025-04-11 15:44:00,355.0,121693675.0,363.4,130318172.6
2025-04-11 15:45:00,355.0,121835573.0,363.4,130469236.0
2025-04-11 15:46:00,355.0,121976838.0,363.4,130608987.2
2025-04-11 15:47:00,355.0,122080816.0,363.4,130722688.4
2025-04-11 15:48:00,355.0,122207028.0,363.4,130857365.8
2025-04-11 15:49:00,355.0,122348053.0,363.4,130979296.6
2025-04-11 15:50:00,355.0,122489424.0,363.4,131118868.0
2025-04-11 15:51:00,355.0,122616738.0,363.4,131244483.4
2025-04-11 15:52:00,355.0,122699573.0,363.4,131346588.0
2025-04-11 15:53:00,355.0,122795086.0,363.4,131493257.8
2025-04-11 15:54:00,355.0,122866591.0,363.4,131607736.2
2025-04-11 15:55:00,355.0,122977173.0,363.4,131730363.2
2025-04-11 15:56:00,355.0,123093206.0,363.4,131880394.6
2025-04-11 15:57:00,355.0,123256400.0,363.4,132002042.0
2025-04-11 15:58:00,355.0,123325686.0,363.4,132117351.0
2025-04-11 15:59:00,355.0,123495678.0,363.4,132235248.6
2025-04-11 16:00:00,355.0,123622172.0,363.4,132360265.2
2025-04-11 16:01:00,355.0,123725700.0,363.4,132475483.4
2025-04-11 16:02:00,355.0,123842983.0,363.4,132599029.8
2025-04-11 16:03:00,355.0,123981841.0,363.4,132742869.8
2025-04-11 16:04:00,355.0,124040360.0,363.4,132848409.8
2025-04-11 16:05:00,355.0,124158881.0,363.4,132975259.6
2025-04-11 16:06:00,355.0,124244896.0,363.4,133090426.4
2025-04-11 16:07:00,355.0,124343014.0,363.4,133196744.0
2025-04-11 16:08:00,355.0,124432383.0,363.4,133325772.6
2025-04-11 16:09:00,355.0,124586303.0,363.4,133434496.0
2025-04-11 16:10:00,355.0,124664089.0,363.4,133534822.6
2025-04-11 16:11:00,355.0,124771922.0,363.4,133654028.2
2025-04-11 16:12:00,355.0,124935946.0,363.4,133796370.4
2025-04-11 16:13:00,355.0,125042722.0,363.4,133906984.0
2025-04-11 16:14:00,355.0,125197791.0,363.4,134038979.8
2025-04-11 16:15:00,355.0,125330369.0,363.4,134163110.4
2025-04-11 16:16:00,355.0,125464731.0,363.4,134327128.2
2025-04-11 16:17:00,355.0,125576319.0,363.4,134463567.2
2025-04-11 16:18:00,355.0,125674543.0,363.4,134586082.4
2025-04-11 16:19:00,355.0,125795759.0,363.4,134721810.8
2025-04-11 16:20:00,355.0,125949107.0,363.4,134870474.6
2025-04-11 16:21:00,355.0,126070803.0,363.4,135002604.4
2025-04-11 16:22:00,355.0,126231204.0,363.4,135132835.8
2025-04-11 16:23:00,355.0,126388728.0,363.4,135268349.0
2025-04-11 16:24:00,355.0,126503214.0,363.4,135395617.0
2025-04-11 16:25:00,355.0,126557321.0,363.4,135524980.4
2025-04-11 16:26:00,355.0,126679367.0,363.4,135649205.0
2025-04-11 16:27:00,355.0,126762880.0,363.4,135752687.0
2025-04-11 16:28:00,355.0,126982608.0,363.4,135899980.8
2025-04-11 16:29:00,355.0,127111976.0,363.4,136016943.4
2025-04-11 16:30:00,355.0,127234434.0,363.4,136144334.4
2025-04-11 16:31:00,355.0,127362044.0,363.4,136278190.4
2025-04-11 16:32:00,355.0,127440925.0,363.4,136379179.2
2025-04-11 16:33:00,355.0,127567871.0,363.4,136517574.2
2025-04-11 16:34:00,355.0,127660316.0,363.4,136638327.0
2025-04-11 16:35:00,355.0,127730703.0,363.4,136755225.8
2025-04-11 16:36:00,355.0,127857804.0,363.4,136877613.2
2025-04-11 16:37:00,355.0,127953904.0,363.4,137010775.0
2025-04-11 16:38:00,355.0,128050768.0,363.4,137127131.8
2025-04-11 16:39:00,355.0,128207614.0,363.4,137259333.2
2025-04-11 16:40:00,355.0,128359855.0,363.4,137372989.6
2025-04-11 16:41:00,355.0,128526802.0,363.4,137514175.0
2025-04-11 16:42:00,355.0,128611177.0,363.4,137642277.6
2025-04-11 16:43:00,355.0,128778500.0,363.4,137774145.2
2025-04-11 16:44:00,355.0,128931022.0,363.4,137918401.8
2025-04-11 16:45:00,355.0,129034635.0,363.4,138032498.2
2025-04-11 16:46:00,355.0,129136086.0,363.4,138143634.8
2025-04-11 16:47:00,355.0,129269734.0,363.4,138271469.8
2025-04-11 16:48:00,355.0,129358520.0,363.4,138393484.4
2025-04-11 16:49:00,355.0,129442522.0,363.4,138527308.0
2025-04-11 16:50:00,355.0,129606030.0,363.4,138686843.2
2025-04-11 16:51:00,355.0,129728437.0,363.4,138809601.4
2025-04-11 16:52:00,355.0,129863462.0,363.4,138942365.2
2025-04-11 16:53:00,355.0,130006615.0,363.4,139077910.8
2025-04-11 16:54:00,355.0,130072843.0,363.4,139212721.6
2025-04-11 16:55:00,355.0,130192862.0,363.4,139335152.6
2025-04-11 16:56:00,355.0,130312654.0,363.4,139471815.4
2025-04-11 16:57:00,355.0,130430474.0,363.4,139583279.6
2025-04-11 16:58:00,355.0,130551579.0,363.4,139708229.2
2025-04-11 16:59:00,355.0,130668302.0,363.4,139814182.6
2025-04-11 17:00:00,355.0,130796917.0,363.4,139955787.0
2025-04-11 17:01:00,355.0,130945050.0,363.4,140099584.8
2025-04-11 17:02:00,355.0,131063041.0,363.4,140224531.4
2025-04-11 17:03:00,355.0,131147927.0,363.4,140337760.0
2025-04-11 17:04:00,355.0,131269275.0,363.4,140449515.4
2025-04-11 17:05:00,355.0,131384703.0,363.4,140583477.0
2025-04-11 17:06:00,355.0,131468080.0,363.4,140690358.0
2025-04-11 17:07:00,355.0,131608100.0,363.4,140813259.4
2025-04-11 17:08:00,355.0,131723431.0,363.4,140930969.6
2025-04-11 17:09:00,355.0,131828190.0,363.4,141055316.4
2025-04-11 17:10:00,355.0,131970186.0,363.4,141184903.4
2025-04-11 17:11:00,355.0,132077860.0,363.4,141288929.8
2025-04-11 17:12:00,355.0,132187716.0,363.4,141423415.2
2025-04-11 17:13:00,355.0,132269399.0,363.4,141521822.6
2025-04-11 17:14:00,355.0,132400676.0,363.4,141634528.8
2025-04-11 17:15:00,355.0,132500990.0,363.4,141756507.6
2025-04-11 17:16:00,355.0,132670627.0,363.4,141886753.4
2025-04-11 17:17:00,355.0,132781569.0,363.4,142014180.0
2025-04-11 17:18:00,355.0,132874376.0,363.4,142139293.6
2025-04-11 17:19:00,355.0,133160153.0,363.4,142288733.4
2025-04-11 17:20:00,355.0,133313211.0,363.4,142416576.4
2025-04-11 17:21:00,355.0,133446767.0,363.4,142567675.2
2025-04-11 17:22:00,355.0,133540972.0,363.4,142684252.6
2025-04-11 17:23:00,355.0,133661686.0,363.4,142809056.6
2025-04-11 17:24:00,355.0,133772793.0,363.4,142931088.8
2025-04-11 17:25:00,355.0,133853809.0,363.4,143038194.2
2025-04-11 17:26:00,355.0,133916266.0,363.4,143173777.2
2025-04-11 17:27:00,355.0,134029306.0,363.4,143300601.8
2025-04-11 17:28:00,355.0,134164410.0,363.4,143422123.4
2025-04-11 17:29:00,355.0,134266456.0,363.4,143539738.8
2025-04-11 17:30:00,355.0,134440423.0,363.4,143670779.4
2025-04-11 17:31:00,355.0,134540959.0,363.4,143778627.8
2025-04-11 17:32:00,355.0,134626712.0,363.4,143929725.0
2025-04-11 17:33:00,355.0,134751766.0,363.4,144055509.8
2025-04-11 17:34:00,355.0,134844632.0,363.4,144174226.4
2025-04-11 17:35:00,355.0,134941700.0,363.4,144294484.6
2025-04-11 17:36:00,355.0,135048452.0,363.4,144414122.4
2025-04-11 17:37:00,355.0,135201114.0,363.4,144567687.0
2025-04-11 17:38:00,355.0,135335602.0,363.4,144702114.4
2025-04-11 17:39:00,355.0,135489349.0,363.4,144839382.8
2025-04-11 17:40:00,355.0,135669246.0,363.4,144973899.8
2025-04-11 17:41:00,355.0,135740136.0,363.4,145082064.0
2025-04-11 17:42:00,355.0,135839686.0,363.4,145213928.4
2025-04-11 17:43:00,355.0,135950808.0,363.4,145336351.0
2025-04-11 17:44:00,355.0,136083407.0,363.4,145455339.0
2025-04-11 17:45:00,355.0,136230738.0,363.4,145566053.6
2025-04-11 17:46:00,355.0,136342663.0,363.4,145684002.8
2025-04-11 17:47:00,355.0,136436005.0,363.4,145828300.4
2025-04-11 17:48:00,355.0,136552423.0,363.4,145944130.0
2025-04-11 17:49:00,355.0,136662905.0,363.4,146060535.0
2025-04-11 17:50:00,355.0,136781691.0,363.4,146184025.6
2025-04-11 17:51:00,355.0,136917084.0,363.4,146318656.4
2025-04-11 17:52:00,355.0,137065303.0,363.4,146450257.8
2025-04-11 17:53:00,355.0,137189854.0,363.4,146588015.4
2025-04-11 17:54:00,355.0,137311349.0,363.4,146727600.2
2025-04-11 17:55:00,355.0,137444181.0,363.4,146856972.8
2025-04-11 17:56:00,355.0,137547577.0,363.4,146979509.8
2025-04-11 17:57:00,355.0,137656924.0,363.4,147104367.6
2025-04-11 17:58:00,355.0,137788223.0,363.4,147232287.8
2025-04-11 17:59:00,355.0,137948818.0,363.4,147356270.8
2025-04-11 18:00:00,355.0,138077653.0,363.4,147482599.2
2025-04-11 18:01:00,355.0,138167443.0,363.4,147619774.8
2025-04-11 18:02:00,355.0,138318223.0,363.4,147740531.4
2025-04-11 18:03:00,355.0,138473581.0,363.4,147861329.4
2025-04-11 18:04:00,355.0,138590540.0,363.4,147995097.8
2025-04-11 18:05:00,355.0,138707810.0,363.4,148104450.0
2025-04-11 18:06:00,355.0,138866639.0,363.4,148249223.2
2025-04-11 18:07:00,355.0,139032278.0,363.4,148395478.8
2025-04-11 18:08:00,355.0,139113670.0,363.4,148527726.4
2025-04-11 18:09:00,355.0,139228735.0,363.4,148673558.6
2025-04-11 18:10:00,355.0,139404351.0,363.4,148812189.6
2025-04-11 18:11:00,355.0,139524010.0,363.4,148948200.2
2025-04-11 18:12:00,355.0,139662831.0,363.4,149082018.6
2025-04-11 18:13:00,355.0,139760250.0,363.4,149204681.8
2025-04-11 18:14:00,355.0,139859311.0,363.4,149306175.8
2025-04-11 18:15:00,355.0,139981003.0,363.4,149420668.8
2025-04-11 18:16:00,355.0,140100724.0,363.4,149569812.4
2025-04-11 18:17:00,355.0,140252563.0,363.4,149696582.8
2025-04-11 18:18:00,355.0,140413034.0,363.4,149818416.8
2025-04-11 18:19:00,355.0,140505814.0,363.4,149949376.8
2025-04-11 18:20:00,355.0,140611362.0,363.4,150071403.0
2025-04-11 18:21:00,355.0,140709038.0,363.4,150214609.8
2025-04-11 18:22:00,355.0,140787039.0,363.4,150327683.4
2025-04-11 18:23:00,355.0,140924939.0,363.4,150447682.4
2025-04-11 18:24:00,355.0,141082134.0,363.4,150569421.6
2025-04-11 18:25:00,355.0,141210038.0,363.4,150693032.4
2025-04-11 18:26:00,355.0,141309039.0,363.4,150813003.0
2025-04-11 18:27:00,355.0,141410367.0,363.4,150920640.0
2025-04-11 18:28:00,355.0,141532664.0,363.4,151038281.2
2025-04-11 18:29:00,355.0,141607106.0,363.4,151172404.2
2025-04-11 18:30:00,355.0,141691194.0,363.4,151286199.4
2025-04-11 18:31:00,355.0,141773466.0,363.4,151376718.2
2025-04-11 18:32:00,355.0,141895290.0,363.4,151532043.2
2025-04-11 18:33:00,355.0,141959575.0,363.4,151639582.0
2025-04-11 18:34:00,355.0,142071407.0,363.4,151750856.2
2025-04-11 18:35:00,355.0,142158792.0,363.4,151877067.0
2025-04-11 18:36:00,355.0,142294912.0,363.4,152001766.8
2025-04-11 18:37:00,355.0,142441528.0,363.4,152137621.0
2025-04-11 18:38:00,355.0,142579451.0,363.4,152261776.4
2025-04-11 18:39:00,355.0,142720641.0,363.4,152405042.4
2025-04-11 18:40:00,355.0,142812700.0,363.4,152515031.0
2025-04-11 18:41:00,355.0,142935150.0,363.4,152654306.0
2025-04-11 18:42:00,355.0,143036672.0,363.4,152792571.2
2025-04-11 18:43:00,355.0,143154998.0,363.4,152913161.0
2025-04-11 18:44:00,355.0,143293716.0,363.4,153045583.6
2025-04-11 18:45:00,355.0,143402840.0,363.4,153162962.6
2025-04-11 18:46:00,355.0,143549738.0,363.4,153296886.4
2025-04-11 18:47:00,355.0,143674590.0,363.4,153431478.8
2025-04-11 18:48:00,355.0,143781263.0,363.4,153574229.4
2025-04-11 18:49:00,355.0,143876175.0,363.4,153671584.0
2025-04-11 18:50:00,355.0,144001721.0,363.4,153822684.8
2025-04-11 18:51:00,355.0,144152378.0,363.4,153925028.6
2025-04-11 18:52:00,355.0,144228483.0,363.4,154036385.2
2025-04-11 18:53:00,355.0,144359389.0,363.4,154161869.2
2025-04-11 18:54:00,355.0,144464459.0,363.4,154288512.8
2025-04-11 18:55:00,355.0,144572147.0,363.4,154414387.6
2025-04-11 18:56:00,355.0,144706500.0,363.4,154528422.6
2025-04-11 18:57:00,355.0,144833570.0,363.4,154660154.6
2025-04-11 18:58:00,355.0,144910697.0,363.4,154781095.4
2025-04-11 18:59:00,355.0,145019306.0,363.4,154901875.0
2025-04-11 19:00:00,355.0,145098074.0,363.4,155028374.4
2025-04-11 19:01:00,355.0,145169715.0,363.4,155152440.2
2025-04-11 19:02:00,355.0,145303863.0,363.4,155290257.6
2025-04-11 19:03:00,355.0,145433440.0,363.4,155413600.0
2025-04-11 19:04:00,355.0,145549321.0,363.4,155548324.0
2025-04-11 19:05:00,355.0,145695623.0,363.4,155667724.2
2025-04-11 19:06:00,355.0,145835954.0,363.4,155794561.6
2025-04-11 19:07:00,355.0,145976840.0,363.4,155945120.4
2025-04-11 19:08:00,355.0,146112816.0,363.4,156059704.2
2025-04-11 19:09:00,355.0,146241007.0,363.4,156222218.6
2025-04-11 19:10:00,355.0,146413291.0,363.4,156372793.0
2025-04-11 19:11:00,355.0,146563348.0,363.4,156498162.2
2025-04-11 19:12:00,355.0,146641621.0,363.4,156614347.0
2025-04-11 19:13:00,355.0,146769572.0,363.4,156760112.0
2025-04-11 19:14:00,355.0,146903495.0,363.4,156882234.6
2025-04-11 19:15:00,355.0,146982088.0,363.4,157006513.2
2025-04-11 19:16:00,355.0,147122898.0,363.4,157143771.8
2025-04-11 19:17:00,355.0,147253193.0,363.4,157280240.2
2025-04-11 19:18:00,355.0,147369501.0,363.4,157392275.2
2025-04-11 19:19:00,355.0,147487332.0,363.4,157521348.8
2025-04-11 19:20:00,355.0,147630401.0,363.4,157649115.4
2025-04-11 19:21:00,355.0,147738342.0,363.4,157780126.4
2025-04-11 19:22:00,355.0,147828172.0,363.4,157904726.8
2025-04-11 19:23:00,355.0,147909519.0,363.4,158020173.8
2025-04-11 19:24:00,355.0,148070753.0,363.4,158165584.4
2025-04-11 19:25:00,355.0,148178525.0,363.4,158265371.4
2025-04-11 19:26:00,355.0,148339228.0,363.4,158401471.8
2025-04-11 19:27:00,355.0,148427884.0,363.4,158514521.4
2025-04-11 19:28:00,355.0,148551690.0,363.4,158627110.8
2025-04-11 19:29:00,355.0,148630823.0,363.4,158765095.0
2025-04-11 19:30:00,355.0,148743170.0,363.4,158869470.4
2025-04-11 19:31:00,355.0,148846086.0,363.4,158985666.6
2025-04-11 19:32:00,355.0,148950851.0,363.4,159117726.0
2025-04-11 19:33:00,355.0,149069165.0,363.4,159251868.6
2025-04-11 19:34:00,355.0,149191365.0,363.4,159369970.0
2025-04-11 19:35:00,355.0,149363373.0,363.4,159504061.2
2025-04-11 19:36:00,355.0,149456980.0,363.4,159603482.0
2025-04-11 19:37:00,355.0,149623353.0,363.4,159738687.8
2025-04-11 19:38:00,355.0,149723067.0,363.4,159864235.6
2025-04-11 19:39:00,355.0,149814896.0,363.4,159965731.0
2025-04-11 19:40:00,355.0,149916755.0,363.4,160101052.0
2025-04-11 19:41:00,355.0,150018433.0,363.4,160213170.6
2025-04-11 19:42:00,355.0,150163510.0,363.4,160358292.8
2025-04-11 19:43:00,355.0,150309762.0,363.4,160498984.0
2025-04-11 19:44:00,355.0,150389678.0,363.4,160604662.4
2025-04-11 19:45:00,355.0,150482973.0,363.4,160709021.2
2025-04-11 19:46:00,355.0,150601910.0,363.4,160847044.2
2025-04-11 19:47:00,355.0,150742545.0,363.4,160963963.6
2025-04-11 19:48:00,355.0,150872001.0,363.4,161085945.6
2025-04-11 19:49:00,355.0,151003536.0,363.4,161195923.0
2025-04-11 19:50:00,355.0,151070221.0,363.4,161316195.2
2025-04-11 19:51:00,355.0,151202751.0,363.4,161433293.0
2025-04-11 19:52:00,355.0,151306596.0,363.4,161546890.4
2025-04-11 19:53:00,355.0,151443117.0,363.4,161660620.2
2025-04-11 19:54:00,355.0,151536899.0,363.4,161776851.0
2025-04-11 19:55:00,355.0,151630535.0,363.4,161883426.0
2025-04-11 19:56:00,355.0,151798361.0,363.4,162030053.8
2025-04-11 19:57:00,355.0,151884510.0,363.4,162148174.8
2025-04-11 19:58:00,355.0,152016552.0,363.4,162279270.0
2025-04-11 19:59:00,355.0,152104242.0,363.4,162411998.2
2025-04-11 20:00:00,355.0,152248034.0,363.4,162557825.4
2025-04-11 20:01:00,355.0,152391546.0,363.4,162677071.2
2025-04-11 20:02:00,355.0,152534649.0,363.4,162809611.2
2025-04-11 20:03:00,355.0,152651915.0,363.4,162922710.2
2025-04-11 20:04:00,355.0,152751222.0,363.4,163028402.6
2025-04-11 20:05:00,355.0,152870601.0,363.4,163148742.2
2025-04-11 20:06:00,355.0,152958921.0,363.4,163245437.8
2025-04-11 20:07:00,355.0,153022624.0,363.4,163375658.2
2025-04-11 20:08:00,355.0,153125448.0,363.4,163496079.4
2025-04-11 20:09:00,355.0,153278110.0,363.4,163623422.2
2025-04-11 20:10:00,355.0,153439812.0,363.4,163751138.0
2025-04-11 20:11:00,355.0,153563136.0,363.4,163889701.2
2025-04-11 20:12:00,355.0,153731297.0,363.4,164027134.0
2025-04-11 20:13:00,355.0,153830549.0,363.4,164153029.0
2025-04-11 20:14:00,355.0,153944362.0,363.4,164281215.2
2025-04-11 20:15:00,355.0,154099115.0,363.4,164424920.4
2025-04-11 20:16:00,355.0,154178836.0,363.4,164559971.4
2025-04-11 20:17:00,355.0,154316237.0,363.4,164689903.6
2025-04-11 20:18:00,355.0,154480620.0,363.4,164815777.6
2025-04-11 20:19:00,355.0,154622117.0,363.4,164944557.0
2025-04-11 20:20:00,355.0,154737586.0,363.4,165077577.4
2025-04-11 20:21:00,355.0,154914338.0,363.4,165217450.0
2025-04-11 20:22:00,355.0,155028071.0,363.4,165342129.0
2025-04-11 20:23:00,355.0,155117102.0,363.4,165454749.6
2025-04-11 20:24:00,355.0,155221414.0,363.4,165579056.6
2025-04-11 20:25:00,355.0,155334829.0,363.4,165693962.0
2025-04-11 20:26:00,355.0,155438067.0,363.4,165806076.6
2025-04-11 20:27:00,355.0,155564901.0,363.4,165937340.2
2025-04-11 20:28:00,355.0,155734044.0,366.0,166064830.4
2025-04-11 20:29:00,355.0,155825157.0,366.0,166200952.6
2025-04-11 20:30:00,355.0,155949790.0,366.0,166342316.0
2025-04-11 20:31:00,355.0,156054669.0,366.0,166451083.0
2025-04-11 20:32:00,355.0,156163562.0,366.0,166621136.6
2025-04-11 20:33:00,355.0,156259612.0,366.0,166736865.8
2025-04-11 20:34:00,355.0,156345969.0,366.0,166840822.2
2025-04-11 20:35:00,355.0,156440921.0,366.0,166955910.8
2025-04-11 20:36:00,355.0,156614741.0,366.0,167088134.6
2025-04-11 20:37:00,355.0,156715912.0,366.0,167226693.6
2025-04-11 20:38:00,355.0,156816308.0,366.0,167361816.2
2025-04-11 20:39:00,355.0,156932935.0,366.0,167476513.6
2025-04-11 20:40:00,355.0,157076850.0,366.0,167622900.4
2025-04-11 20:41:00,355.0,157177652.0,366.0,167733801.2
2025-04-11 20:42:00,355.0,157326532.0,366.0,167885930.2
2025-04-11 20:43:00,355.0,157450974.0,366.0,167995170.6
2025-04-11 20:44:00,355.0,157561593.0,366.0,168142582.4
2025-04-11 20:45:00,355.0,157664379.0,366.0,168270214.2
2025-04-11 20:46:00,355.0,157824565.0,366.0,168423882.6
2025-04-11 20:47:00,355.0,157922268.0,366.0,168564555.8
2025-04-11 20:48:00,355.0,158068447.0,366.0,168685154.4
2025-04-11 20:49:00,355.0,158146811.0,366.0,168815286.2
2025-04-11 20:50:00,355.0,158302617.0,366.0,168940282.2
2025-04-11 20:51:00,355.0,158421129.0,366.0,169058550.6
2025-04-11 20:52:00,355.0,158527581.0,366.0,169179936.4
2025-04-11 20:53:00,355.0,158632672.0,366.0,169310940.0
2025-04-11 20:54:00,355.0,158767813.0,366.0,169458367.8
2025-04-11 20:55:00,355.0,158855165.0,366.0,169577308.2
2025-04-11 20:56:00,355.0,158937717.0,366.0,169697830.8
2025-04-11 20:57:00,355.0,159073515.0,366.0,169806719.6
2025-04-11 20:58:00,355.0,159204274.0,366.0,169932794.4
2025-04-11 20:59:00,355.0,159304504.0,366.0,170063820.0
2025-04-11 21:00:00,355.0,159391126.0,366.0,170175500.6
2025-04-11 21:01:00,355.0,159462255.0,366.0,170315481.0
2025-04-11 21:02:00,355.0,159541308.0,366.0,170444848.4
2025-04-11 21:03:00,355.0,159644268.0,366.0,170574846.0
2025-04-11 21:04:00,355.0,159767780.0,366.0,170693214.0
2025-04-11 21:05:00,355.0,159867500.0,366.0,170811034.0
2025-04-11 21:06:00,355.0,159986623.0,366.0,170940742.2
2025-04-11 21:07:00,355.0,160147151.0,366.0,171071862.4
2025-04-11 21:08:00,355.0,160252315.0,366.0,171202807.8
2025-04-11 21:09:00,355.0,160321875.0,366.0,171335690.2
2025-04-11 21:10:00,355.0,160389878.0,366.0,171458152.2
2025-04-11 21:11:00,355.0,160514856.0,366.0,171573444.4
2025-04-11 21:12:00,355.0,160597769.0,366.0,171692600.6
2025-04-11 21:13:00,355.0,160741887.0,366.0,171812993.8
2025-04-11 21:14:00,355.0,160825018.0,366.0,171923188.4
2025-04-11 21:15:00,355.0,160937505.0,366.0,172050539.4
2025-04-11 21:16:00,355.0,161043673.0,366.0,172183867.6
2025-04-11 21:17:00,355.0,161137489.0,366.0,172308458.2
2025-04-11 21:18:00,355.0,161223907.0,366.0,172427749.0
2025-04-11 21:19:00,355.0,161359809.0,366.0,172544927.4
2025-04-11 21:20:00,355.0,161477774.0,366.0,172667503.6
2025-04-11 21:21:00,355.0,161590685.0,366.0,172810805.8
2025-04-11 21:22:00,355.0,161757472.0,366.0,172952885.4
2025-04-11 21:23:00,355.0,161865463.0,366.0,173085730.8
2025-04-11 21:24:00,355.0,161971125.0,366.0,173219021.8
2025-04-11 21:25:00,355.0,162087119.0,366.0,173370706.8
2025-04-11 21:26:00,355.0,162211314.0,366.0,173481847.6
2025-04-11 21:27:00,355.0,162329166.0,366.0,173600548.2
2025-04-11 21:28:00,355.0,162465967.0,366.0,173735848.0
2025-04-11 21:29:00,355.0,162567435.0,366.0,173870197.8
2025-04-11 21:30:00,355.0,162676925.0,366.0,173970827.6
2025-04-11 21:31:00,355.0,162770014.0,366.0,174099995.8
2025-04-11 21:32:00,355.0,162883128.0,366.0,174221588.2
2025-04-11 21:33:00,355.0,162984344.0,366.0,174356394.4
2025-04-11 21:34:00,355.0,163120831.0,366.0,174487674.0
2025-04-11 21:35:00,355.0,163278657.0,366.0,174615333.2
2025-04-11 21:36:00,355.0,163393024.0,366.0,174734872.6
2025-04-11 21:37:00,355.0,163484121.0,366.0,174863775.6
2025-04-11 21:38:00,355.0,163588168.0,366.0,174985341.6
2025-04-11 21:39:00,355.0,163656299.0,366.0,175126481.8
2025-04-11 21:40:00,355.0,163757331.0,366.2,175235548.2
2025-04-11 21:41:00,355.0,163908241.0,366.2,175374762.4
2025-04-11 21:42:00,355.0,164022110.0,366.2,175484185.4
2025-04-11 21:43:00,355.0,164157913.0,366.2,175612723.4
2025-04-11 21:44:00,355.0,164233315.0,366.2,175730289.6
2025-04-11 21:45:00,355.0,164358453.0,366.2,175860229.0
2025-04-11 21:46:00,355.0,164493666.0,366.2,175997487.6
2025-04-11 21:47:00,355.0,164642012.0,366.2,176122013.8
2025-04-11 21:48:00,355.0,164741679.0,366.2,176241739.6
2025-04-11 21:49:00,355.0,164860473.0,366.2,176371540.2
2025-04-11 21:50:00,355.0,164955600.0,366.2,176521282.8
2025-04-11 21:51:00,355.0,165085975.0,366.2,176635944.0
2025-04-11 21:52:00,355.0,165211972.0,366.2,176774672.0
2025-04-11 21:53:00,355.0,165332047.0,366.2,176911952.2
2025-04-11 21:54:00,355.0,165468695.0,366.2,177036396.4
2025-04-11 21:55:00,355.0,165563905.0,366.2,177159568.4
2025-04-11 21:56:00,355.0,165638908.0,366.2,177265425.8
2025-04-11 21:57:00,355.0,165722795.0,366.2,177387826.8
2025-04-11 21:58:00,355.0,165838861.0,366.2,177519405.0
2025-04-11 21:59:00,355.0,165935298.0,366.2,177640274.6
2025-04-11 22:00:00,355.0,166002078.0,366.2,177743393.4
2025-04-11 22:01:00,355.0,166094805.0,366.2,177865551.0
2025-04-11 22:02:00,355.0,166229368.0,366.2,177987976.8
2025-04-11 22:03:00,355.0,166339778.0,366.2,178114933.2
2025-04-11 22:04:00,355.0,166445980.0,366.2,178240787.4
2025-04-11 22:05:00,355.0,166534119.0,366.2,178371530.6
2025-04-11 22:06:00,355.0,166662580.0,366.2,178479778.6
2025-04-11 22:07:00,355.0,166801299.0,366.2,178609271.2
2025-04-11 22:08:00,355.0,166890433.0,366.2,178736600.4
2025-04-11 22:09:00,355.0,166990044.0,366.2,178861677.0
2025-04-11 22:10:00,355.0,167110747.0,366.2,178998469.0
2025-04-11 22:11:00,355.0,167238474.0,366.2,179130741.0
2025-04-11 22:12:00,355.0,167362269.0,366.2,179237758.0
2025-04-11 22:13:00,355.0,167538310.0,366.2,179367945.0
2025-04-11 22:14:00,355.0,167648320.0,366.2,179501467.8
2025-04-11 22:15:00,355.0,167799080.0,366.2,179641947.2
2025-04-11 22:16:00,355.0,167904258.0,366.2,179755049.6
2025-04-11 22:17:00,355.0,168021258.0,366.2,179890478.2
2025-04-11 22:18:00,355.0,168131168.0,366.2,180012860.4
2025-04-11 22:19:00,355.0,168293010.0,366.2,180135873.2
2025-04-11 22:20:00,355.0,168405666.0,366.2,180243618.6
2025-04-11 22:21:00,355.0,168506057.0,366.2,180373188.0
2025-04-11 22:22:00,355.0,168637285.0,366.2,180498899.6
2025-04-11 22:23:00,355.0,168719877.0,366.2,180606979.6
2025-04-11 22:24:00,355.0,168828686.0,366.2,180733437.2
2025-04-11 22:25:00,355.0,168960908.0,366.2,180844027.4
2025-04-11 22:26:00,355.0,169081964.0,366.2,180958267.6
2025-04-11 22:27:00,355.0,169172054.0,366.2,181082214.2
2025-04-11 22:28:00,355.0,169247462.0,366.2,181207507.4
2025-04-11 22:29:00,355.0,169332592.0,366.2,181321538.6
2025-04-11 22:30:00,355.0,169477334.0,366.2,181456099.0
2025-04-11 22:31:00,355.0,169579611.0,366.2,181603532.2
2025-04-11 22:32:00,355.0,169688681.0,366.2,181729246.4
2025-04-11 22:33:00,355.0,169818208.0,366.2,181872373.8
2025-04-11 22:34:00,355.0,169926111.0,366.2,181991376.0
2025-04-11 22:35:00,355.0,170058531.0,366.2,182122736.0
2025-04-11 22:36:00,355.0,170138845.0,366.2,182227137.6
2025-04-11 22:37:00,355.0,170293127.0,366.2,182342814.4
2025-04-11 22:38:00,355.0,170405262.0,366.2,182480235.4
2025-04-11 22:39:00,355.0,170519885.0,366.2,182602501.0
2025-04-11 22:40:00,355.0,170629182.0,366.2,182732770.4
2025-04-11 22:41:00,355.0,170813576.0,366.2,182876788.8
2025-04-11 22:42:00,355.0,170890560.0,366.2,182986913.4
2025-04-11 22:43:00,355.0,171087375.0,366.2,183141308.6
2025-04-11 22:44:00,355.0,171216341.0,366.2,183260943.6
2025-04-11 22:45:00,355.0,171285774.0,366.2,183378472.6
2025-04-11 22:46:00,355.0,171437244.0,366.2,183517185.2
2025-04-11 22:47:00,355.0,171544150.0,366.2,183629558.4
2025-04-11 22:48:00,355.0,171718606.0,366.2,183782546.8
2025-04-11 22:49:00,355.0,171854722.0,366.2,183913929.0
2025-04-11 22:50:00,355.0,171933794.0,366.2,184020971.8
2025-04-11 22:51:00,355.0,172058001.0,366.2,184139755.0
2025-04-11 22:52:00,355.0,172192857.0,366.2,184250361.6
2025-04-11 22:53:00,355.0,172295728.0,366.2,184365239.8
2025-04-11 22:54:00,355.0,172445307.0,366.2,184497224.8
2025-04-11 22:55:00,355.0,172559676.0,366.2,184625010.0
2025-04-11 22:56:00,355.0,172695316.0,366.2,184745605.2
2025-04-11 22:57:00,355.0,172798621.0,366.2,184895877.8
2025-04-11 22:58:00,355.0,172875627.0,366.2,185020973.8
2025-04-11 22:59:00,355.0,173004733.0,366.2,185152015.8
2025-04-11 23:00:00,355.0,173095412.0,366.2,185268470.2
2025-04-11 23:01:00,355.0,173275008.0,366.2,185397673.8
2025-04-11 23:02:00,355.0,173357612.0,366.2,185503004.8
2025-04-11 23:03:00,355.0,173437753.0,366.2,185629593.8
2025-04-11 23:04:00,355.0,173550454.0,366.2,185748422.2
2025-04-11 23:05:00,355.0,173720663.0,366.2,185894803.0
2025-04-11 23:06:00,355.0,173856326.0,366.2,186016968.6
2025-04-11 23:07:00,355.0,173984602.0,366.2,186128206.4
2025-04-11 23:08:00,355.0,174129747.0,366.2,186260854.8
2025-04-11 23:09:00,355.0,174272533.0,366.2,186399723.4
2025-04-11 23:10:00,355.0,174405557.0,366.2,186522113.2
2025-04-11 23:11:00,355.0,174597823.0,366.2,186663001.0
2025-04-11 23:12:00,355.0,174678150.0,366.2,186757999.2
2025-04-11 23:13:00,355.0,174846293.0,366.2,186891472.6
2025-04-11 23:14:00,355.0,174901119.0,366.2,186981066.2
2025-04-11 23:15:00,355.0,175117933.0,366.2,187116541.6
2025-04-11 23:16:00,355.0,175267033.0,366.2,187270282.6
2025-04-11 23:17:00,355.0,175403384.0,366.2,187396199.2
2025-04-11 23:18:00,355.0,175519539.0,366.2,187519322.2
2025-04-11 23:19:00,355.0,175628085.0,366.2,187648829.6
2025-04-11 23:20:00,355.0,175727299.0,366.2,187766308.0
2025-04-11 23:21:00,355.0,175870547.0,366.2,187898992.6
2025-04-11 23:22:00,355.0,175993730.0,366.2,188028422.8
2025-04-11 23:23:00,355.0,176090117.0,366.2,188143821.0
2025-04-11 23:24:00,355.0,176223341.0,366.2,188281602.2
2025-04-11 23:25:00,355.0,176348280.0,366.2,188397103.8
2025-04-11 23:26:00,355.0,176476604.0,366.2,188528580.8
2025-04-11 23:27:00,355.0,176617596.0,366.2,188651281.8
2025-04-11 23:28:00,355.0,176734211.0,366.2,188787032.2
2025-04-11 23:29:00,355.0,176833312.0,366.2,188897350.2
2025-04-11 23:30:00,355.0,176959747.0,366.2,189020454.6
2025-04-11 23:31:00,355.0,177062045.0,366.2,189125910.6
2025-04-11 23:32:00,355.0,177178617.0,366.2,189257980.6
2025-04-11 23:33:00,355.0,177267558.0,366.2,189363597.8
2025-04-11 23:34:00,355.0,177367920.0,366.2,189470504.2
2025-04-11 23:35:00,355.0,177520465.0,366.2,189596730.8
2025-04-11 23:36:00,355.0,177611745.0,366.2,189701273.0
2025-04-11 23:37:00,355.0,177726369.0,366.2,189823825.0
2025-04-11 23:38:00,355.0,177819026.0,366.2,189945828.6
2025-04-11 23:39:00,355.0,177902845.0,366.2,190077212.8
2025-04-11 23:40:00,355.0,178008537.0,366.2,190198651.6
2025-04-11 23:41:00,355.0,178156382.0,366.2,190319938.0
2025-04-11 23:42:00,355.0,178233517.0,366.2,190434459.8
2025-04-11 23:43:00,355.0,178394236.0,366.2,190597139.4
2025-04-11 23:44:00,355.0,178551846.0,366.2,190743409.8
2025-04-11 23:45:00,355.0,178633368.0,366.2,190863914.2
2025-04-11 23:46:00,355.0,178739415.0,366.2,190979167.6
2025-04-11 23:47:00,355.0,178878306.0,366.2,191095566.0
2025-04-11 23:48:00,355.0,178988789.0,366.2,191240971.0
2025-04-11 23:49:00,355.0,179108844.0,366.2,191376084.0
2025-04-11 23:50:00,355.0,179249616.0,366.2,191503643.0
2025-04-11 23:51:00,355.0,179379952.0,366.2,191658377.6
2025-04-11 23:52:00,355.0,179489229.0,366.2,191780428.2
2025-04-11 23:53:00,355.0,179599677.0,366.2,191915480.0
2025-04-11 23:54:00,355.0,179714329.0,366.2,192056822.2
2025-04-11 23:55:00,355.0,179881951.0,366.2,192178982.6
2025-04-11 23:56:00,355.0,180043317.0,366.2,192323760.2
2025-04-11 23:57:00,355.0,180131088.0,366.2,192443235.2
2025-04-11 23:58:00,355.0,180248628.0,366.2,192560245.4
2025-04-11 23:59:00,355.0,180351715.0,366.2,192680679.6
